Workbook
Name Slicer_Diabetes_Status: #N/A
Name Slicer_Weight_Status: #N/A

Sheet Customer Names
A1: Customer ID | B1: name | C1: First Name | D1: Title | E1: Last Name
A2: Id1 | B2: Hawks, Ms. Kelly | C2: Hawks | D2: Ms | E2: Kelly
A3: Id2 | B3: Lehner, Mr. Matthew D | C3: Lehner | D3: Mr | E3: Matthew D
A4: Id3 | B4: Lu, Mr. Phil | C4: Lu | D4: Mr | E4: Phil
A5: Id4 | B5: Osborne, Ms. Kelsey | C5: Osborne | D5: Ms | E5: Kelsey
A6: Id5 | B6: Kadala, Ms. Kristyn | C6: Kadala | D6: Ms | E6: Kristyn
A7: Id6 | B7: Baker, Mr. Russell B. | C7: Baker | D7: Mr | E7: Russell B
A8: Id7 | B8: Macpherson, Mr. Scott | C8: Macpherson | D8: Mr | E8: Scott
A9: Id8 | B9: Hallman, Mr. Stephen | C9: Hallman | D9: Mr | E9: Stephen
A10: Id9 | B10: Moran, Mr. Patrick R. | C10: Moran | D10: Mr | E10: Patrick R
A11: Id10 | B11: Benner, Ms. Brooke N. | C11: Benner | D11: Ms | E11: Brooke N
A12: Id11 | B12: Fierro Vargas, Ms. Paola Andrea | C12: Fierro Vargas | D12: Ms | E12: Paola Andrea
... A72: Id71 | B72: Turner, Mr. Jeff | C72: Turner | D72: Mr | E72: Jeff
A73: Id72 | B73: Rangel, Mr. Elenilton V. Sr. | C73: Rangel | D73: Mr | E73: Elenilton V | F73: Sr
A74: Id73 | B74: Lacey, Ms. Maurya | C74: Lacey | D74: Ms | E74: Maurya
A75: Id74 | B75: Stiger, Ms. Samantha C | C75: Stiger | D75: Ms | E75: Samantha C
A76: Id75 | B76: Caldwell, Ms. Bethany A | C76: Caldwell | D76: Ms | E76: Bethany A
A77: Id76 | B77: Marmillod, Mr. Yves | C77: Marmillod | D77: Mr | E77: Yves
A78: Id77 | B78: Cloutier-Simons, Ms. Danielle | C78: Cloutier-Simons | D78: Ms | E78: Danielle
A79: Id78 | B79: Vegas, Ms. Julia | C79: Vegas | D79: Ms | E79: Julia
A80: Id79 | B80: Cochran, Mr. Joshua | C80: Cochran | D80: Mr | E80: Joshua
A81: Id80 | B81: Holtzapple, Ms. Jennifer | C81: Holtzapple | D81: Ms | E81: Jennifer
A82: Id81 | B82: Meyer, Ms. Gwen M. | C82: Meyer | D82: Ms | E82: Gwen M
A83: Id82 | B83: Brickley, Mr. Patrick | C83: Brickley | D83: Mr | E83: Patrick
A84: Id83 | B84: Magee, Ms. Kate | C84: Magee | D84: Ms | E84: Kate
A85: Id84 | B85: Thoma, Mr. Kevin | C85: Thoma | D85: Mr | E85: Kevin
... A188: Id187 | B188: Dublin, Mr. Andrew P | C188: Dublin | D188: Mr | E188: Andrew P
A189: Id188 | B189: Cleland, Mr. George M. V | C189: Cleland | D189: Mr | E189: George M | F189: V
A190: Id189 | B190: Evans, Ms. Sarah | C190: Evans | D190: Ms | E190: Sarah
A191: Id190 | B191: Boyd, Ms. Lara | C191: Boyd | D191: Ms | E191: Lara
A192: Id191 | B192: Roulier, Mr. Sebastien | C192: Roulier | D192: Mr | E192: Sebastien
A193: Id192 | B193: Mullins, Mr. Padraig | C193: Mullins | D193: Mr | E193: Padraig
A194: Id193 | B194: Hofmann, Ms. Heather | C194: Hofmann | D194: Ms | E194: Heather
A195: Id194 | B195: Garcia Garcia, Mr. Jorge | C195: Garcia Garcia | D195: Mr | E195: Jorge
A196: Id195 | B196: Klecker, Mr. Jack R | C196: Klecker | D196: Mr | E196: Jack R
A197: Id196 | B197: Cancre, Mr. Felix | C197: Cancre | D197: Mr | E197: Felix
A198: Id197 | B198: Denucci, Mr. Christopher C | C198: Denucci | D198: Mr | E198: Christopher C
A199: Id198 | B199: Saldana, Mr. Jesse | C199: Saldana | D199: Mr | E199: Jesse
A200: Id199 | B200: Weinberg, Ms. Jill | C200: Weinberg | D200: Ms | E200: Jill
A201: Id200 | B201: Walsh, Mr. William | C201: Walsh | D201: Mr | E201: William
... A476: Id475 | B476: Narang, Mr. Jatin | C476: Narang | D476: Mr | E476: Jatin
A477: Id476 | B477: Royston, Mr. J P. II | C477: Royston | D477: Mr | E477: J P | F477: II
A478: Id477 | B478: Tieri, Ms. Angela M. | C478: Tieri | D478: Ms | E478: Angela M
A479: Id478 | B479: Whitney, Mr. Blake K. | C479: Whitney | D479: Mr | E479: Blake K
A480: Id479 | B480: Wandzilak, Mr. Brian T. | C480: Wandzilak | D480: Mr | E480: Brian T
A481: Id480 | B481: Valenzona, Mr. Damon | C481: Valenzona | D481: Mr | E481: Damon
A482: Id481 | B482: Young, Mr. Jeffrey | C482: Young | D482: Mr | E482: Jeffrey
A483: Id482 | B483: Richards, Mr. Malcolm J. | C483: Richards | D483: Mr | E483: Malcolm J
A484: Id483 | B484: Alexson, Ms. Margaret B. | C484: Alexson | D484: Ms | E484: Margaret B
A485: Id484 | B485: Wright, Ms. Helen | C485: Wright | D485: Ms | E485: Helen
A486: Id485 | B486: McKenna, Mr. Matthew | C486: McKenna | D486: Mr | E486: Matthew
A487: Id486 | B487: Sallade, Mr. Jeff | C487: Sallade | D487: Mr | E487: Jeff
A488: Id487 | B488: Argall, Mrs. Tara R | C488: Argall | D488: Mrs | E488: Tara R
A489: Id488 | B489: Patchell, Ms. Kristin | C489: Patchell | D489: Ms | E489: Kristin
... A725: Id724 | B725: Nemec, Mrs. Lisa | C725: Nemec | D725: Mrs | E725: Lisa
A726: Id725 | B726: Appman, Mr. William D. Jr. | C726: Appman | D726: Mr | E726: William D | F726: Jr
A727: Id726 | B727: Driscoll, Mr. James | C727: Driscoll | D727: Mr | E727: James
A728: Id727 | B728: Glotzbach, Mr. John | C728: Glotzbach | D728: Mr | E728: John
A729: Id728 | B729: Tenforde, Mr. Adam S | C729: Tenforde | D729: Mr | E729: Adam S
A730: Id729 | B730: Ramirez, Mr. Armando | C730: Ramirez | D730: Mr | E730: Armando
A731: Id730 | B731: Stanley Torres, Ms. Dana | C731: Stanley Torres | D731: Ms | E731: Dana
A732: Id731 | B732: Vandongen, Ms. Jennifer L | C732: Vandongen | D732: Ms | E732: Jennifer L
A733: Id732 | B733: Liebald, Mr. Benjamin | C733: Liebald | D733: Mr | E733: Benjamin
A734: Id733 | B734: Holte, Ms. Tanya | C734: Holte | D734: Ms | E734: Tanya
A735: Id734 | B735: Johnson, Ms. Tracy | C735: Johnson | D735: Ms | E735: Tracy
A736: Id735 | B736: Bartlett, Ms. Emily S | C736: Bartlett | D736: Ms | E736: Emily S
A737: Id736 | B737: Bergman, Ms. Kelly R | C737: Bergman | D737: Ms | E737: Kelly R
A738: Id737 | B738: Aitken, Mr. Kyle | C738: Aitken | D738: Mr | E738: Kyle
... A892: Id891 | B892: Bauder, Mr. Andrew R | C892: Bauder | D892: Mr | E892: Andrew R
A893: Id892 | B893: Mendoza, Mr. Francisco J. Sr. | C893: Mendoza | D893: Mr | E893: Francisco J | F893: Sr
A894: Id893 | B894: Glass, Mrs. Rhonda | C894: Glass | D894: Mrs | E894: Rhonda
A895: Id894 | B895: Butcher, Mr. John | C895: Butcher | D895: Mr | E895: John
A896: Id895 | B896: Traiser, Mr. Miles J. | C896: Traiser | D896: Mr | E896: Miles J
A897: Id896 | B897: Mudy-Mader, Ms. Justyna I. | C897: Mudy-Mader | D897: Ms | E897: Justyna I
A898: Id897 | B898: Rogers, Ms. Lucille | C898: Rogers | D898: Ms | E898: Lucille
A899: Id898 | B899: Woo, Ms. April | C899: Woo | D899: Ms | E899: April
A900: Id899 | B900: Walsh, Mr. Robert | C900: Walsh | D900: Mr | E900: Robert
A901: Id900 | B901: White, Mrs. Alyssa | C901: White | D901: Mrs | E901: Alyssa
A902: Id901 | B902: Sheppard, Ms. Jessica E. | C902: Sheppard | D902: Ms | E902: Jessica E
A903: Id902 | B903: Doran, Mr. Patrick J. | C903: Doran | D903: Mr | E903: Patrick J
A904: Id903 | B904: Labrosse, Ms. Emilie | C904: Labrosse | D904: Ms | E904: Emilie
A905: Id904 | B905: Thomas, Ms. Caitlin B. | C905: Thomas | D905: Ms | E905: Caitlin B
... A1062: Id1061 | B1062: Dockemeyer, Mr. Kevin J | C1062: Dockemeyer | D1062: Mr | E1062: Kevin J
A1063: Id1062 | B1063: Steele, Mr. William H. III | C1063: Steele | D1063: Mr | E1063: William H | F1063: III
A1064: Id1063 | B1064: Harel, Mr. Gal | C1064: Harel | D1064: Mr | E1064: Gal
A1065: Id1064 | B1065: Aguila, Mr. Anton | C1065: Aguila | D1065: Mr | E1065: Anton
A1066: Id1065 | B1066: Vallejo Sarmiento, Ms. Yazmin | C1066: Vallejo Sarmiento | D1066: Ms | E1066: Yazmin
A1067: Id1066 | B1067: Beisheim, Mr. Florian | C1067: Beisheim | D1067: Mr | E1067: Florian
A1068: Id1067 | B1068: Lenhoff, Ms. Karen L | C1068: Lenhoff | D1068: Ms | E1068: Karen L
A1069: Id1068 | B1069: Wehrwein, Mr. Scott | C1069: Wehrwein | D1069: Mr | E1069: Scott
A1070: Id1069 | B1070: Wallace, Ms. Claire | C1070: Wallace | D1070: Ms | E1070: Claire
A1071: Id1070 | B1071: Markowitz, Ms. Lynn M. | C1071: Markowitz | D1071: Ms | E1071: Lynn M
A1072: Id1071 | B1072: Vos, Ms. Sharon | C1072: Vos | D1072: Ms | E1072: Sharon
A1073: Id1072 | B1073: McLeod, Mrs. Candice | C1073: McLeod | D1073: Mrs | E1073: Candice
A1074: Id1073 | B1074: Balcom, Ms. Jennifer D | C1074: Balcom | D1074: Ms | E1074: Jennifer D
A1075: Id1074 | B1075: Dirth, Mr. Eric | C1075: Dirth | D1075: Mr | E1075: Eric
... A1295: Id1294 | B1295: Tadich, Ms. Katarina D | C1295: Tadich | D1295: Ms | E1295: Katarina D
A1296: Id1295 | B1296: Christenson, Mr. B.j. | C1296: Christenson | D1296: Mr | E1296: B | F1296: j
A1297: Id1296 | B1297: Shell, Ms. Alison | C1297: Shell | D1297: Ms | E1297: Alison
A1298: Id1297 | B1298: Rao, Mr. Neil K. | C1298: Rao | D1298: Mr | E1298: Neil K
...

Sheet Medical Examinations
A1: Customer ID | B1: BMI | C1: HBA1C | D1: CLEANED Heart Issues | E1: Heart Issues | F1: Any Transplants | G1: Cancer history | H1: CLEANED Number Of Major Surgeries | I1: NumberOfMajorSurgeries | J1: cleaned smoker | K1: cleaned smoker | L1: smoker | M1: COUNT OF BLANKS | N1: Weight Status | O1: Diabetes Status
A2: Id1 | B2: 47.41 | C2: 7.47 | D2: =PROPER(E:E) -> No | E2: No | F2: No | G2: No | H2: =IF(I2="No major surgery","0",I2) -> 0 | I2: No major surgery | J2: =PROPER(K2) -> Yes | K2: =IF(L2="?", "No", L2) -> yes | L2: yes | M2: =COUNTIF(A1:L2336,"?") -> 1076 | N2: {=_xlfn.IFS(B2<18.5,"Under Weight",B2<=24.99,"Normal Weight",B2<=29.99,"Over Weight",B2>=30,"Obesity")} -> Obesity | O2: {=_xlfn.IFS(C2<5.7,"Normal",C2<=6.49,"Prediabetes",C2>=6.5,"Diabetes")} -> Diabetes
A3: Id2 | B3: 30.36 | C3: 5.77 | D3: =PROPER(E:E) -> No | E3: No | F3: No | G3: No | H3: =IF(I3="No major surgery","0",I3) -> 0 | I3: No major surgery | J3: =PROPER(K3) -> Yes | K3: =IF(L3="?", "No", L3) -> yes | L3: yes | N3: {=_xlfn.IFS(B3<18.5,"Under Weight",B3<=24.99,"Normal Weight",B3<=29.99,"Over Weight",B3>=30,"Obesity")} -> Obesity | O3: {=_xlfn.IFS(C3<5.7,"Normal",C3<=6.49,"Prediabetes",C3>=6.5,"Diabetes")} -> Prediabetes
A4: Id3 | B4: 34.485 | C4: 11.87 | D4: =PROPER(E:E) -> Yes | E4: yes | F4: No | G4: No | H4: =IF(I4="No major surgery","0",I4) -> 2 | I4: 2 | J4: =PROPER(K4) -> Yes | K4: =IF(L4="?", "No", L4) -> yes | L4: yes | N4: {=_xlfn.IFS(B4<18.5,"Under Weight",B4<=24.99,"Normal Weight",B4<=29.99,"Over Weight",B4>=30,"Obesity")} -> Obesity | O4: {=_xlfn.IFS(C4<5.7,"Normal",C4<=6.49,"Prediabetes",C4>=6.5,"Diabetes")} -> Diabetes
A5: Id4 | B5: 38.095 | C5: 6.05 | D5: =PROPER(E:E) -> No | E5: No | F5: No | G5: No | H5: =IF(I5="No major surgery","0",I5) -> 0 | I5: No major surgery | J5: =PROPER(K5) -> Yes | K5: =IF(L5="?", "No", L5) -> yes | L5: yes | N5: {=_xlfn.IFS(B5<18.5,"Under Weight",B5<=24.99,"Normal Weight",B5<=29.99,"Over Weight",B5>=30,"Obesity")} -> Obesity | O5: {=_xlfn.IFS(C5<5.7,"Normal",C5<=6.49,"Prediabetes",C5>=6.5,"Diabetes")} -> Prediabetes
A6: Id5 | B6: 35.53 | C6: 5.45 | D6: =PROPER(E:E) -> No | E6: No | F6: No | G6: No | H6: =IF(I6="No major surgery","0",I6) -> 0 | I6: No major surgery | J6: =PROPER(K6) -> Yes | K6: =IF(L6="?", "No", L6) -> yes | L6: yes | N6: {=_xlfn.IFS(B6<18.5,"Under Weight",B6<=24.99,"Normal Weight",B6<=29.99,"Over Weight",B6>=30,"Obesity")} -> Obesity | O6: {=_xlfn.IFS(C6<5.7,"Normal",C6<=6.49,"Prediabetes",C6>=6.5,"Diabetes")} -> Normal
A7: Id6 | B7: 32.8 | C7: 6.59 | D7: =PROPER(E:E) -> No | E7: No | F7: No | G7: No | H7: =IF(I7="No major surgery","0",I7) -> 0 | I7: No major surgery | J7: =PROPER(K7) -> Yes | K7: =IF(L7="?", "No", L7) -> yes | L7: yes | N7: {=_xlfn.IFS(B7<18.5,"Under Weight",B7<=24.99,"Normal Weight",B7<=29.99,"Over Weight",B7>=30,"Obesity")} -> Obesity | O7: {=_xlfn.IFS(C7<5.7,"Normal",C7<=6.49,"Prediabetes",C7>=6.5,"Diabetes")} -> Diabetes
A8: Id7 | B8: 36.4 | C8: 6.07 | D8: =PROPER(E:E) -> No | E8: No | F8: No | G8: No | H8: =IF(I8="No major surgery","0",I8) -> 0 | I8: No major surgery | J8: =PROPER(K8) -> Yes | K8: =IF(L8="?", "No", L8) -> yes | L8: yes | N8: {=_xlfn.IFS(B8<18.5,"Under Weight",B8<=24.99,"Normal Weight",B8<=29.99,"Over Weight",B8>=30,"Obesity")} -> Obesity | O8: {=_xlfn.IFS(C8<5.7,"Normal",C8<=6.49,"Prediabetes",C8>=6.5,"Diabetes")} -> Prediabetes
A9: Id8 | B9: 36.96 | C9: 7.93 | D9: =PROPER(E:E) -> No | E9: No | F9: No | G9: No | H9: =IF(I9="No major surgery","0",I9) -> 3 | I9: 3 | J9: =PROPER(K9) -> Yes | K9: =IF(L9="?", "No", L9) -> yes | L9: yes | N9: {=_xlfn.IFS(B9<18.5,"Under Weight",B9<=24.99,"Normal Weight",B9<=29.99,"Over Weight",B9>=30,"Obesity")} -> Obesity | O9: {=_xlfn.IFS(C9<5.7,"Normal",C9<=6.49,"Prediabetes",C9>=6.5,"Diabetes")} -> Diabetes
A10: Id9 | B10: 41.14 | C10: 9.58 | D10: =PROPER(E:E) -> Yes | E10: yes | F10: No | G10: Yes | H10: =IF(I10="No major surgery","0",I10) -> 1 | I10: 1 | J10: =PROPER(K10) -> Yes | K10: =IF(L10="?", "No", L10) -> yes | L10: yes | N10: {=_xlfn.IFS(B10<18.5,"Under Weight",B10<=24.99,"Normal Weight",B10<=29.99,"Over Weight",B10>=30,"Obesity")} -> Obesity | O10: {=_xlfn.IFS(C10<5.7,"Normal",C10<=6.49,"Prediabetes",C10>=6.5,"Diabetes")} -> Diabetes
A11: Id10 | B11: 38.06 | C11: 10.79 | D11: =PROPER(E:E) -> No | E11: No | F11: No | G11: No | H11: =IF(I11="No major surgery","0",I11) -> 0 | I11: No major surgery | J11: =PROPER(K11) -> Yes | K11: =IF(L11="?", "No", L11) -> yes | L11: yes | N11: {=_xlfn.IFS(B11<18.5,"Under Weight",B11<=24.99,"Normal Weight",B11<=29.99,"Over Weight",B11>=30,"Obesity")} -> Obesity | O11: {=_xlfn.IFS(C11<5.7,"Normal",C11<=6.49,"Prediabetes",C11>=6.5,"Diabetes")} -> Diabetes
A12: Id11 | B12: 37.7 | C12: 5.96 | D12: =PROPER(E:E) -> Yes | E12: yes | F12: No | G12: No | H12: =IF(I12="No major surgery","0",I12) -> 2 | I12: 2 | J12: =PROPER(K12) -> Yes | K12: =IF(L12="?", "No", L12) -> yes | L12: yes | N12: {=_xlfn.IFS(B12<18.5,"Under Weight",B12<=24.99,"Normal Weight",B12<=29.99,"Over Weight",B12>=30,"Obesity")} -> Obesity | O12: {=_xlfn.IFS(C12<5.7,"Normal",C12<=6.49,"Prediabetes",C12>=6.5,"Diabetes")} -> Prediabetes
A13: Id12 | B13: 42.13 | C13: 11.9 | D13: =PROPER(E:E) -> No | E13: No | F13: No | G13: No | H13: =IF(I13="No major surgery","0",I13) -> 0 | I13: No major surgery | J13: =PROPER(K13) -> Yes | K13: =IF(L13="?", "No", L13) -> yes | L13: yes | N13: {=_xlfn.IFS(B13<18.5,"Under Weight",B13<=24.99,"Normal Weight",B13<=29.99,"Over Weight",B13>=30,"Obesity")} -> Obesity | O13: {=_xlfn.IFS(C13<5.7,"Normal",C13<=6.49,"Prediabetes",C13>=6.5,"Diabetes")} -> Diabetes
A14: Id13 | B14: 40.92 | C14: 8.41 | D14: =PROPER(E:E) -> No | E14: No | F14: No | G14: No | H14: =IF(I14="No major surgery","0",I14) -> 0 | I14: No major surgery | J14: =PROPER(K14) -> Yes | K14: =IF(L14="?", "No", L14) -> yes | L14: yes | N14: {=_xlfn.IFS(B14<18.5,"Under Weight",B14<=24.99,"Normal Weight",B14<=29.99,"Over Weight",B14>=30,"Obesity")} -> Obesity | O14: {=_xlfn.IFS(C14<5.7,"Normal",C14<=6.49,"Prediabetes",C14>=6.5,"Diabetes")} -> Diabetes
A15: Id14 | B15: 40.565 | C15: 7.02 | D15: =PROPER(E:E) -> No | E15: No | F15: No | G15: No | H15: =IF(I15="No major surgery","0",I15) -> 0 | I15: No major surgery | J15: =PROPER(K15) -> Yes | K15: =IF(L15="?", "No", L15) -> yes | L15: yes | N15: {=_xlfn.IFS(B15<18.5,"Under Weight",B15<=24.99,"Normal Weight",B15<=29.99,"Over Weight",B15>=30,"Obesity")} -> Obesity | O15: {=_xlfn.IFS(C15<5.7,"Normal",C15<=6.49,"Prediabetes",C15>=6.5,"Diabetes")} -> Diabetes
A16: Id15 | B16: 36.385 | C16: 7.59 | D16: =PROPER(E:E) -> Yes | E16: yes | F16: No | G16: No | H16: =IF(I16="No major surgery","0",I16) -> 2 | I16: 2 | J16: =PROPER(K16) -> Yes | K16: =IF(L16="?", "No", L16) -> yes | L16: yes | N16: {=_xlfn.IFS(B16<18.5,"Under Weight",B16<=24.99,"Normal Weight",B16<=29.99,"Over Weight",B16>=30,"Obesity")} -> Obesity | O16: {=_xlfn.IFS(C16<5.7,"Normal",C16<=6.49,"Prediabetes",C16>=6.5,"Diabetes")} -> Diabetes
A17: Id16 | B17: 39.9 | C17: 11.32 | D17: =PROPER(E:E) -> No | E17: No | F17: No | G17: No | H17: =IF(I17="No major surgery","0",I17) -> 0 | I17: No major surgery | J17: =PROPER(K17) -> Yes | K17: =IF(L17="?", "No", L17) -> yes | L17: yes | N17: {=_xlfn.IFS(B17<18.5,"Under Weight",B17<=24.99,"Normal Weight",B17<=29.99,"Over Weight",B17>=30,"Obesity")} -> Obesity | O17: {=_xlfn.IFS(C17<5.7,"Normal",C17<=6.49,"Prediabetes",C17>=6.5,"Diabetes")} -> Diabetes
A18: Id17 | B18: 33.8 | C18: 7.67 | D18: =PROPER(E:E) -> No | E18: No | F18: No | G18: No | H18: =IF(I18="No major surgery","0",I18) -> 3 | I18: 3 | J18: =PROPER(K18) -> Yes | K18: =IF(L18="?", "No", L18) -> yes | L18: yes | N18: {=_xlfn.IFS(B18<18.5,"Under Weight",B18<=24.99,"Normal Weight",B18<=29.99,"Over Weight",B18>=30,"Obesity")} -> Obesity | O18: {=_xlfn.IFS(C18<5.7,"Normal",C18<=6.49,"Prediabetes",C18>=6.5,"Diabetes")} -> Diabetes
A19: Id18 | B19: 36.765 | C19: 7.29 | D19: =PROPER(E:E) -> Yes | E19: yes | F19: No | G19: Yes | H19: =IF(I19="No major surgery","0",I19) -> 1 | I19: 1 | J19: =PROPER(K19) -> Yes | K19: =IF(L19="?", "No", L19) -> yes | L19: yes | N19: {=_xlfn.IFS(B19<18.5,"Under Weight",B19<=24.99,"Normal Weight",B19<=29.99,"Over Weight",B19>=30,"Obesity")} -> Obesity | O19: {=_xlfn.IFS(C19<5.7,"Normal",C19<=6.49,"Prediabetes",C19>=6.5,"Diabetes")} -> Diabetes
A20: Id19 | B20: 36.955 | C20: 4.72 | D20: =PROPER(E:E) -> Yes | E20: yes | F20: No | G20: No | H20: =IF(I20="No major surgery","0",I20) -> 1 | I20: 1 | J20: =PROPER(K20) -> Yes | K20: =IF(L20="?", "No", L20) -> yes | L20: yes | N20: {=_xlfn.IFS(B20<18.5,"Under Weight",B20<=24.99,"Normal Weight",B20<=29.99,"Over Weight",B20>=30,"Obesity")} -> Obesity | O20: {=_xlfn.IFS(C20<5.7,"Normal",C20<=6.49,"Prediabetes",C20>=6.5,"Diabetes")} -> Normal
A21: Id20 | B21: 42.9 | C21: 11.41 | D21: =PROPER(E:E) -> No | E21: No | F21: No | G21: No | H21: =IF(I21="No major surgery","0",I21) -> 0 | I21: No major surgery | J21: =PROPER(K21) -> Yes | K21: =IF(L21="?", "No", L21) -> yes | L21: yes | N21: {=_xlfn.IFS(B21<18.5,"Under Weight",B21<=24.99,"Normal Weight",B21<=29.99,"Over Weight",B21>=30,"Obesity")} -> Obesity | O21: {=_xlfn.IFS(C21<5.7,"Normal",C21<=6.49,"Prediabetes",C21>=6.5,"Diabetes")} -> Diabetes
A22: Id21 | B22: 36.3 | C22: 11.5 | D22: =PROPER(E:E) -> Yes | E22: yes | F22: No | G22: No | H22: =IF(I22="No major surgery","0",I22) -> 2 | I22: 2 | J22: =PROPER(K22) -> Yes | K22: =IF(L22="?", "No", L22) -> yes | L22: yes | N22: {=_xlfn.IFS(B22<18.5,"Under Weight",B22<=24.99,"Normal Weight",B22<=29.99,"Over Weight",B22>=30,"Obesity")} -> Obesity | O22: {=_xlfn.IFS(C22<5.7,"Normal",C22<=6.49,"Prediabetes",C22>=6.5,"Diabetes")} -> Diabetes
A23: Id22 | B23: 32.2 | C23: 6.22 | D23: =PROPER(E:E) -> Yes | E23: yes | F23: No | G23: No | H23: =IF(I23="No major surgery","0",I23) -> 2 | I23: 2 | J23: =PROPER(K23) -> Yes | K23: =IF(L23="?", "No", L23) -> yes | L23: yes | N23: {=_xlfn.IFS(B23<18.5,"Under Weight",B23<=24.99,"Normal Weight",B23<=29.99,"Over Weight",B23>=30,"Obesity")} -> Obesity | O23: {=_xlfn.IFS(C23<5.7,"Normal",C23<=6.49,"Prediabetes",C23>=6.5,"Diabetes")} -> Prediabetes
A24: Id23 | B24: 31.3 | C24: 11.38 | D24: =PROPER(E:E) -> No | E24: No | F24: No | G24: No | H24: =IF(I24="No major surgery","0",I24) -> 3 | I24: 3 | J24: =PROPER(K24) -> Yes | K24: =IF(L24="?", "No", L24) -> yes | L24: yes | N24: {=_xlfn.IFS(B24<18.5,"Under Weight",B24<=24.99,"Normal Weight",B24<=29.99,"Over Weight",B24>=30,"Obesity")} -> Obesity | O24: {=_xlfn.IFS(C24<5.7,"Normal",C24<=6.49,"Prediabetes",C24>=6.5,"Diabetes")} -> Diabetes
A25: Id24 | B25: 41.8 | C25: 7.89 | D25: =PROPER(E:E) -> Yes | E25: yes | F25: No | G25: No | H25: =IF(I25="No major surgery","0",I25) -> 2 | I25: 2 | J25: =PROPER(K25) -> Yes | K25: =IF(L25="?", "No", L25) -> yes | L25: yes | N25: {=_xlfn.IFS(B25<18.5,"Under Weight",B25<=24.99,"Normal Weight",B25<=29.99,"Over Weight",B25>=30,"Obesity")} -> Obesity | O25: {=_xlfn.IFS(C25<5.7,"Normal",C25<=6.49,"Prediabetes",C25>=6.5,"Diabetes")} -> Diabetes
A26: Id25 | B26: 35.09 | C26: 4.38 | D26: =PROPER(E:E) -> Yes | E26: yes | F26: No | G26: No | H26: =IF(I26="No major surgery","0",I26) -> 2 | I26: 2 | J26: =PROPER(K26) -> Yes | K26: =IF(L26="?", "No", L26) -> yes | L26: yes | N26: {=_xlfn.IFS(B26<18.5,"Under Weight",B26<=24.99,"Normal Weight",B26<=29.99,"Over Weight",B26>=30,"Obesity")} -> Obesity | O26: {=_xlfn.IFS(C26<5.7,"Normal",C26<=6.49,"Prediabetes",C26>=6.5,"Diabetes")} -> Normal
A27: Id26 | B27: 33.88 | C27: 7.01 | D27: =PROPER(E:E) -> No | E27: No | F27: No | G27: No | H27: =IF(I27="No major surgery","0",I27) -> 3 | I27: 3 | J27: =PROPER(K27) -> Yes | K27: =IF(L27="?", "No", L27) -> yes | L27: yes | N27: {=_xlfn.IFS(B27<18.5,"Under Weight",B27<=24.99,"Normal Weight",B27<=29.99,"Over Weight",B27>=30,"Obesity")} -> Obesity | O27: {=_xlfn.IFS(C27<5.7,"Normal",C27<=6.49,"Prediabetes",C27>=6.5,"Diabetes")} -> Diabetes
A28: Id27 | B28: 30.875 | C28: 11.88 | D28: =PROPER(E:E) -> No | E28: No | F28: No | G28: No | H28: =IF(I28="No major surgery","0",I28) -> 0 | I28: No major surgery | J28: =PROPER(K28) -> Yes | K28: =IF(L28="?", "No", L28) -> yes | L28: yes | N28: {=_xlfn.IFS(B28<18.5,"Under Weight",B28<=24.99,"Normal Weight",B28<=29.99,"Over Weight",B28>=30,"Obesity")} -> Obesity | O28: {=_xlfn.IFS(C28<5.7,"Normal",C28<=6.49,"Prediabetes",C28>=6.5,"Diabetes")} -> Diabetes
A29: Id28 | B29: 36.86 | C29: 5.19 | D29: =PROPER(E:E) -> Yes | E29: yes | F29: No | G29: Yes | H29: =IF(I29="No major surgery","0",I29) -> 1 | I29: 1 | J29: =PROPER(K29) -> Yes | K29: =IF(L29="?", "No", L29) -> yes | L29: yes | N29: {=_xlfn.IFS(B29<18.5,"Under Weight",B29<=24.99,"Normal Weight",B29<=29.99,"Over Weight",B29>=30,"Obesity")} -> Obesity | O29: {=_xlfn.IFS(C29<5.7,"Normal",C29<=6.49,"Prediabetes",C29>=6.5,"Diabetes")} -> Normal
A30: Id29 | B30: 35.86 | C30: 6.74 | D30: =PROPER(E:E) -> Yes | E30: yes | F30: No | G30: No | H30: =IF(I30="No major surgery","0",I30) -> 2 | I30: 2 | J30: =PROPER(K30) -> Yes | K30: =IF(L30="?", "No", L30) -> yes | L30: yes | N30: {=_xlfn.IFS(B30<18.5,"Under Weight",B30<=24.99,"Normal Weight",B30<=29.99,"Over Weight",B30>=30,"Obesity")} -> Obesity | O30: {=_xlfn.IFS(C30<5.7,"Normal",C30<=6.49,"Prediabetes",C30>=6.5,"Diabetes")} -> Diabetes
A31: Id30 | B31: 37.05 | C31: 8.44 | D31: =PROPER(E:E) -> No | E31: No | F31: No | G31: No | H31: =IF(I31="No major surgery","0",I31) -> 0 | I31: No major surgery | J31: =PROPER(K31) -> Yes | K31: =IF(L31="?", "No", L31) -> yes | L31: yes | N31: {=_xlfn.IFS(B31<18.5,"Under Weight",B31<=24.99,"Normal Weight",B31<=29.99,"Over Weight",B31>=30,"Obesity")} -> Obesity | O31: {=_xlfn.IFS(C31<5.7,"Normal",C31<=6.49,"Prediabetes",C31>=6.5,"Diabetes")} -> Diabetes
A32: Id31 | B32: 43.89 | C32: 8.71 | D32: =PROPER(E:E) -> No | E32: No | F32: No | G32: No | H32: =IF(I32="No major surgery","0",I32) -> 0 | I32: No major surgery | J32: =PROPER(K32) -> Yes | K32: =IF(L32="?", "No", L32) -> yes | L32: yes | N32: {=_xlfn.IFS(B32<18.5,"Under Weight",B32<=24.99,"Normal Weight",B32<=29.99,"Over Weight",B32>=30,"Obesity")} -> Obesity | O32: {=_xlfn.IFS(C32<5.7,"Normal",C32<=6.49,"Prediabetes",C32>=6.5,"Diabetes")} -> Diabetes
A33: Id32 | B33: 42.35 | C33: 5.08 | D33: =PROPER(E:E) -> Yes | E33: yes | F33: No | G33: No | H33: =IF(I33="No major surgery","0",I33) -> 0 | I33: No major surgery | J33: =PROPER(K33) -> Yes | K33: =IF(L33="?", "No", L33) -> yes | L33: yes | N33: {=_xlfn.IFS(B33<18.5,"Under Weight",B33<=24.99,"Normal Weight",B33<=29.99,"Over Weight",B33>=30,"Obesity")} -> Obesity | O33: {=_xlfn.IFS(C33<5.7,"Normal",C33<=6.49,"Prediabetes",C33>=6.5,"Diabetes")} -> Normal
A34: Id33 | B34: 31.35 | C34: 6.86 | D34: =PROPER(E:E) -> No | E34: No | F34: No | G34: No | H34: =IF(I34="No major surgery","0",I34) -> 0 | I34: No major surgery | J34: =PROPER(K34) -> Yes | K34: =IF(L34="?", "No", L34) -> yes | L34: yes | N34: {=_xlfn.IFS(B34<18.5,"Under Weight",B34<=24.99,"Normal Weight",B34<=29.99,"Over Weight",B34>=30,"Obesity")} -> Obesity | O34: {=_xlfn.IFS(C34<5.7,"Normal",C34<=6.49,"Prediabetes",C34>=6.5,"Diabetes")} -> Diabetes
A35: Id34 | B35: 47.6 | C35: 5.95 | D35: =PROPER(E:E) -> Yes | E35: yes | F35: No | G35: No | H35: =IF(I35="No major surgery","0",I35) -> 0 | I35: No major surgery | J35: =PROPER(K35) -> Yes | K35: =IF(L35="?", "No", L35) -> yes | L35: yes | N35: {=_xlfn.IFS(B35<18.5,"Under Weight",B35<=24.99,"Normal Weight",B35<=29.99,"Over Weight",B35>=30,"Obesity")} -> Obesity | O35: {=_xlfn.IFS(C35<5.7,"Normal",C35<=6.49,"Prediabetes",C35>=6.5,"Diabetes")} -> Prediabetes
A36: Id35 | B36: 46.2 | C36: 6.09 | D36: =PROPER(E:E) -> No | E36: No | F36: No | G36: Yes | H36: =IF(I36="No major surgery","0",I36) -> 1 | I36: 1 | J36: =PROPER(K36) -> Yes | K36: =IF(L36="?", "No", L36) -> yes | L36: yes | N36: {=_xlfn.IFS(B36<18.5,"Under Weight",B36<=24.99,"Normal Weight",B36<=29.99,"Over Weight",B36>=30,"Obesity")} -> Obesity | O36: {=_xlfn.IFS(C36<5.7,"Normal",C36<=6.49,"Prediabetes",C36>=6.5,"Diabetes")} -> Prediabetes
A37: Id36 | B37: 32.015 | C37: 11.75 | D37: =PROPER(E:E) -> No | E37: No | F37: No | G37: No | H37: =IF(I37="No major surgery","0",I37) -> 0 | I37: No major surgery | J37: =PROPER(K37) -> Yes | K37: =IF(L37="?", "No", L37) -> yes | L37: yes | N37: {=_xlfn.IFS(B37<18.5,"Under Weight",B37<=24.99,"Normal Weight",B37<=29.99,"Over Weight",B37>=30,"Obesity")} -> Obesity | O37: {=_xlfn.IFS(C37<5.7,"Normal",C37<=6.49,"Prediabetes",C37>=6.5,"Diabetes")} -> Diabetes
A38: Id37 | B38: 40.565 | C38: 7.37 | D38: =PROPER(E:E) -> No | E38: No | F38: No | G38: No | H38: =IF(I38="No major surgery","0",I38) -> 0 | I38: No major surgery | J38: =PROPER(K38) -> Yes | K38: =IF(L38="?", "No", L38) -> yes | L38: yes | N38: {=_xlfn.IFS(B38<18.5,"Under Weight",B38<=24.99,"Normal Weight",B38<=29.99,"Over Weight",B38>=30,"Obesity")} -> Obesity | O38: {=_xlfn.IFS(C38<5.7,"Normal",C38<=6.49,"Prediabetes",C38>=6.5,"Diabetes")} -> Diabetes
A39: Id38 | B39: 32.45 | C39: 11.91 | D39: =PROPER(E:E) -> No | E39: No | F39: No | G39: No | H39: =IF(I39="No major surgery","0",I39) -> 0 | I39: No major surgery | J39: =PROPER(K39) -> Yes | K39: =IF(L39="?", "No", L39) -> yes | L39: yes | N39: {=_xlfn.IFS(B39<18.5,"Under Weight",B39<=24.99,"Normal Weight",B39<=29.99,"Over Weight",B39>=30,"Obesity")} -> Obesity | O39: {=_xlfn.IFS(C39<5.7,"Normal",C39<=6.49,"Prediabetes",C39>=6.5,"Diabetes")} -> Diabetes
A40: Id39 | B40: 34.96 | C40: 6.52 | D40: =PROPER(E:E) -> No | E40: No | F40: No | G40: No | H40: =IF(I40="No major surgery","0",I40) -> 0 | I40: No major surgery | J40: =PROPER(K40) -> Yes | K40: =IF(L40="?", "No", L40) -> yes | L40: yes | N40: {=_xlfn.IFS(B40<18.5,"Under Weight",B40<=24.99,"Normal Weight",B40<=29.99,"Over Weight",B40>=30,"Obesity")} -> Obesity | O40: {=_xlfn.IFS(C40<5.7,"Normal",C40<=6.49,"Prediabetes",C40>=6.5,"Diabetes")} -> Diabetes
A41: Id40 | B41: 35.5 | C41: 5.14 | D41: =PROPER(E:E) -> No | E41: No | F41: No | G41: Yes | H41: =IF(I41="No major surgery","0",I41) -> 1 | I41: 1 | J41: =PROPER(K41) -> Yes | K41: =IF(L41="?", "No", L41) -> yes | L41: yes | N41: {=_xlfn.IFS(B41<18.5,"Under Weight",B41<=24.99,"Normal Weight",B41<=29.99,"Over Weight",B41>=30,"Obesity")} -> Obesity | O41: {=_xlfn.IFS(C41<5.7,"Normal",C41<=6.49,"Prediabetes",C41>=6.5,"Diabetes")} -> Normal
A42: Id41 | B42: 52.58 | C42: 4.19 | D42: =PROPER(E:E) -> No | E42: No | F42: yes | G42: No | H42: =IF(I42="No major surgery","0",I42) -> 1 | I42: 1 | J42: =PROPER(K42) -> Yes | K42: =IF(L42="?", "No", L42) -> yes | L42: yes | N42: {=_xlfn.IFS(B42<18.5,"Under Weight",B42<=24.99,"Normal Weight",B42<=29.99,"Over Weight",B42>=30,"Obesity")} -> Obesity | O42: {=_xlfn.IFS(C42<5.7,"Normal",C42<=6.49,"Prediabetes",C42>=6.5,"Diabetes")} -> Normal
A43: Id42 | B43: 35.2 | C43: 11.68 | D43: =PROPER(E:E) -> Yes | E43: yes | F43: No | G43: No | H43: =IF(I43="No major surgery","0",I43) -> 0 | I43: No major surgery | J43: =PROPER(K43) -> Yes | K43: =IF(L43="?", "No", L43) -> yes | L43: yes | N43: {=_xlfn.IFS(B43<18.5,"Under Weight",B43<=24.99,"Normal Weight",B43<=29.99,"Over Weight",B43>=30,"Obesity")} -> Obesity | O43: {=_xlfn.IFS(C43<5.7,"Normal",C43<=6.49,"Prediabetes",C43>=6.5,"Diabetes")} -> Diabetes
A44: Id43 | B44: 38.06 | C44: 6.98 | D44: =PROPER(E:E) -> No | E44: No | F44: No | G44: No | H44: =IF(I44="No major surgery","0",I44) -> 0 | I44: No major surgery | J44: =PROPER(K44) -> Yes | K44: =IF(L44="?", "No", L44) -> yes | L44: yes | N44: {=_xlfn.IFS(B44<18.5,"Under Weight",B44<=24.99,"Normal Weight",B44<=29.99,"Over Weight",B44>=30,"Obesity")} -> Obesity | O44: {=_xlfn.IFS(C44<5.7,"Normal",C44<=6.49,"Prediabetes",C44>=6.5,"Diabetes")} -> Diabetes
A45: Id44 | B45: 34.21 | C45: 8.34 | D45: =PROPER(E:E) -> No | E45: No | F45: No | G45: No | H45: =IF(I45="No major surgery","0",I45) -> 0 | I45: No major surgery | J45: =PROPER(K45) -> Yes | K45: =IF(L45="?", "No", L45) -> yes | L45: yes | N45: {=_xlfn.IFS(B45<18.5,"Under Weight",B45<=24.99,"Normal Weight",B45<=29.99,"Over Weight",B45>=30,"Obesity")} -> Obesity | O45: {=_xlfn.IFS(C45<5.7,"Normal",C45<=6.49,"Prediabetes",C45>=6.5,"Diabetes")} -> Diabetes
A46: Id45 | B46: 38.94 | C46: 8.49 | D46: =PROPER(E:E) -> Yes | E46: yes | F46: No | G46: No | H46: =IF(I46="No major surgery","0",I46) -> 1 | I46: 1 | J46: =PROPER(K46) -> Yes | K46: =IF(L46="?", "No", L46) -> yes | L46: yes | N46: {=_xlfn.IFS(B46<18.5,"Under Weight",B46<=24.99,"Normal Weight",B46<=29.99,"Over Weight",B46>=30,"Obesity")} -> Obesity | O46: {=_xlfn.IFS(C46<5.7,"Normal",C46<=6.49,"Prediabetes",C46>=6.5,"Diabetes")} -> Diabetes
A47: Id46 | B47: 30.21 | C47: 5.34 | D47: =PROPER(E:E) -> Yes | E47: yes | F47: No | G47: No | H47: =IF(I47="No major surgery","0",I47) -> 1 | I47: 1 | J47: =PROPER(K47) -> Yes | K47: =IF(L47="?", "No", L47) -> yes | L47: yes | N47: {=_xlfn.IFS(B47<18.5,"Under Weight",B47<=24.99,"Normal Weight",B47<=29.99,"Over Weight",B47>=30,"Obesity")} -> Obesity | O47: {=_xlfn.IFS(C47<5.7,"Normal",C47<=6.49,"Prediabetes",C47>=6.5,"Diabetes")} -> Normal
A48: Id47 | B48: 33.63 | C48: 4.43 | D48: =PROPER(E:E) -> Yes | E48: yes | F48: No | G48: No | H48: =IF(I48="No major surgery","0",I48) -> 2 | I48: 2 | J48: =PROPER(K48) -> Yes | K48: =IF(L48="?", "No", L48) -> yes | L48: yes | N48: {=_xlfn.IFS(B48<18.5,"Under Weight",B48<=24.99,"Normal Weight",B48<=29.99,"Over Weight",B48>=30,"Obesity")} -> Obesity | O48: {=_xlfn.IFS(C48<5.7,"Normal",C48<=6.49,"Prediabetes",C48>=6.5,"Diabetes")} -> Normal
A49: Id48 | B49: 40.37 | C49: 4.47 | D49: =PROPER(E:E) -> No | E49: No | F49: No | G49: No | H49: =IF(I49="No major surgery","0",I49) -> 0 | I49: No major surgery | J49: =PROPER(K49) -> Yes | K49: =IF(L49="?", "No", L49) -> yes | L49: yes | N49: {=_xlfn.IFS(B49<18.5,"Under Weight",B49<=24.99,"Normal Weight",B49<=29.99,"Over Weight",B49>=30,"Obesity")} -> Obesity | O49: {=_xlfn.IFS(C49<5.7,"Normal",C49<=6.49,"Prediabetes",C49>=6.5,"Diabetes")} -> Normal
A50: Id49 | B50: 53.09 | C50: 4.82 | D50: =PROPER(E:E) -> Yes | E50: yes | F50: No | G50: No | H50: =IF(I50="No major surgery","0",I50) -> 2 | I50: 2 | J50: =PROPER(K50) -> Yes | K50: =IF(L50="?", "No", L50) -> yes | L50: yes | N50: {=_xlfn.IFS(B50<18.5,"Under Weight",B50<=24.99,"Normal Weight",B50<=29.99,"Over Weight",B50>=30,"Obesity")} -> Obesity | O50: {=_xlfn.IFS(C50<5.7,"Normal",C50<=6.49,"Prediabetes",C50>=6.5,"Diabetes")} -> Normal
A51: Id50 | B51: 31.79 | C51: 5.51 | D51: =PROPER(E:E) -> Yes | E51: yes | F51: No | G51: No | H51: =IF(I51="No major surgery","0",I51) -> 2 | I51: 2 | J51: =PROPER(K51) -> Yes | K51: =IF(L51="?", "No", L51) -> yes | L51: yes | N51: {=_xlfn.IFS(B51<18.5,"Under Weight",B51<=24.99,"Normal Weight",B51<=29.99,"Over Weight",B51>=30,"Obesity")} -> Obesity | O51: {=_xlfn.IFS(C51<5.7,"Normal",C51<=6.49,"Prediabetes",C51>=6.5,"Diabetes")} -> Normal
A52: Id51 | B52: 41.895 | C52: 10.87 | D52: =PROPER(E:E) -> Yes | E52: yes | F52: No | G52: No | H52: =IF(I52="No major surgery","0",I52) -> 1 | I52: 1 | J52: =PROPER(K52) -> Yes | K52: =IF(L52="?", "No", L52) -> yes | L52: yes | N52: {=_xlfn.IFS(B52<18.5,"Under Weight",B52<=24.99,"Normal Weight",B52<=29.99,"Over Weight",B52>=30,"Obesity")} -> Obesity | O52: {=_xlfn.IFS(C52<5.7,"Normal",C52<=6.49,"Prediabetes",C52>=6.5,"Diabetes")} -> Diabetes
A53: Id52 | B53: 31.16 | C53: 9.34 | D53: =PROPER(E:E) -> No | E53: No | F53: No | G53: No | H53: =IF(I53="No major surgery","0",I53) -> 0 | I53: No major surgery | J53: =PROPER(K53) -> Yes | K53: =IF(L53="?", "No", L53) -> yes | L53: yes | N53: {=_xlfn.IFS(B53<18.5,"Under Weight",B53<=24.99,"Normal Weight",B53<=29.99,"Over Weight",B53>=30,"Obesity")} -> Obesity | O53: {=_xlfn.IFS(C53<5.7,"Normal",C53<=6.49,"Prediabetes",C53>=6.5,"Diabetes")} -> Diabetes
A54: Id53 | B54: 34.105 | C54: 5.03 | D54: =PROPER(E:E) -> Yes | E54: yes | F54: No | G54: Yes | H54: =IF(I54="No major surgery","0",I54) -> 1 | I54: 1 | J54: =PROPER(K54) -> Yes | K54: =IF(L54="?", "No", L54) -> yes | L54: yes | N54: {=_xlfn.IFS(B54<18.5,"Under Weight",B54<=24.99,"Normal Weight",B54<=29.99,"Over Weight",B54>=30,"Obesity")} -> Obesity | O54: {=_xlfn.IFS(C54<5.7,"Normal",C54<=6.49,"Prediabetes",C54>=6.5,"Diabetes")} -> Normal
A55: Id54 | B55: 51.93 | C55: 11.05 | D55: =PROPER(E:E) -> No | E55: No | F55: No | G55: No | H55: =IF(I55="No major surgery","0",I55) -> 0 | I55: No major surgery | J55: =PROPER(K55) -> Yes | K55: =IF(L55="?", "No", L55) -> yes | L55: yes | N55: {=_xlfn.IFS(B55<18.5,"Under Weight",B55<=24.99,"Normal Weight",B55<=29.99,"Over Weight",B55>=30,"Obesity")} -> Obesity | O55: {=_xlfn.IFS(C55<5.7,"Normal",C55<=6.49,"Prediabetes",C55>=6.5,"Diabetes")} -> Diabetes
A56: Id55 | B56: 38.95 | C56: 11.95 | D56: =PROPER(E:E) -> No | E56: No | F56: No | G56: No | H56: =IF(I56="No major surgery","0",I56) -> 0 | I56: No major surgery | J56: =PROPER(K56) -> Yes | K56: =IF(L56="?", "No", L56) -> yes | L56: yes | N56: {=_xlfn.IFS(B56<18.5,"Under Weight",B56<=24.99,"Normal Weight",B56<=29.99,"Over Weight",B56>=30,"Obesity")} -> Obesity | O56: {=_xlfn.IFS(C56<5.7,"Normal",C56<=6.49,"Prediabetes",C56>=6.5,"Diabetes")} -> Diabetes
A57: Id56 | B57: 36.63 | C57: 7.72 | D57: =PROPER(E:E) -> Yes | E57: yes | F57: No | G57: No | H57: =IF(I57="No major surgery","0",I57) -> 1 | I57: 1 | J57: =PROPER(K57) -> Yes | K57: =IF(L57="?", "No", L57) -> yes | L57: yes | N57: {=_xlfn.IFS(B57<18.5,"Under Weight",B57<=24.99,"Normal Weight",B57<=29.99,"Over Weight",B57>=30,"Obesity")} -> Obesity | O57: {=_xlfn.IFS(C57<5.7,"Normal",C57<=6.49,"Prediabetes",C57>=6.5,"Diabetes")} -> Diabetes
A58: Id57 | B58: 34.2 | C58: 5.75 | D58: =PROPER(E:E) -> No | E58: No | F58: No | G58: No | H58: =IF(I58="No major surgery","0",I58) -> 2 | I58: 2 | J58: =PROPER(K58) -> Yes | K58: =IF(L58="?", "No", L58) -> yes | L58: yes | N58: {=_xlfn.IFS(B58<18.5,"Under Weight",B58<=24.99,"Normal Weight",B58<=29.99,"Over Weight",B58>=30,"Obesity")} -> Obesity | O58: {=_xlfn.IFS(C58<5.7,"Normal",C58<=6.49,"Prediabetes",C58>=6.5,"Diabetes")} -> Prediabetes
A59: Id58 | B59: 50.63 | C59: 11.89 | D59: =PROPER(E:E) -> No | E59: No | F59: No | G59: No | H59: =IF(I59="No major surgery","0",I59) -> 0 | I59: No major surgery | J59: =PROPER(K59) -> Yes | K59: =IF(L59="?", "No", L59) -> yes | L59: yes | N59: {=_xlfn.IFS(B59<18.5,"Under Weight",B59<=24.99,"Normal Weight",B59<=29.99,"Over Weight",B59>=30,"Obesity")} -> Obesity | O59: {=_xlfn.IFS(C59<5.7,"Normal",C59<=6.49,"Prediabetes",C59>=6.5,"Diabetes")} -> Diabetes
A60: Id59 | B60: 36.48 | C60: 6.2 | D60: =PROPER(E:E) -> No | E60: No | F60: No | G60: No | H60: =IF(I60="No major surgery","0",I60) -> 0 | I60: No major surgery | J60: =PROPER(K60) -> Yes | K60: =IF(L60="?", "No", L60) -> yes | L60: yes | N60: {=_xlfn.IFS(B60<18.5,"Under Weight",B60<=24.99,"Normal Weight",B60<=29.99,"Over Weight",B60>=30,"Obesity")} -> Obesity | O60: {=_xlfn.IFS(C60<5.7,"Normal",C60<=6.49,"Prediabetes",C60>=6.5,"Diabetes")} -> Prediabetes
A61: Id60 | B61: 54.82 | C61: 10.61 | D61: =PROPER(E:E) -> No | E61: No | F61: No | G61: No | H61: =IF(I61="No major surgery","0",I61) -> 0 | I61: No major surgery | J61: =PROPER(K61) -> Yes | K61: =IF(L61="?", "No", L61) -> yes | L61: yes | N61: {=_xlfn.IFS(B61<18.5,"Under Weight",B61<=24.99,"Normal Weight",B61<=29.99,"Over Weight",B61>=30,"Obesity")} -> Obesity | O61: {=_xlfn.IFS(C61<5.7,"Normal",C61<=6.49,"Prediabetes",C61>=6.5,"Diabetes")} -> Diabetes
A62: Id61 | B62: 38.06 | C62: 6.04 | D62: =PROPER(E:E) -> No | E62: No | F62: No | G62: Yes | H62: =IF(I62="No major surgery","0",I62) -> 1 | I62: 1 | J62: =PROPER(K62) -> Yes | K62: =IF(L62="?", "No", L62) -> yes | L62: yes | N62: {=_xlfn.IFS(B62<18.5,"Under Weight",B62<=24.99,"Normal Weight",B62<=29.99,"Over Weight",B62>=30,"Obesity")} -> Obesity | O62: {=_xlfn.IFS(C62<5.7,"Normal",C62<=6.49,"Prediabetes",C62>=6.5,"Diabetes")} -> Prediabetes
A63: Id62 | B63: 51.48 | C63: 9.33 | D63: =PROPER(E:E) -> Yes | E63: yes | F63: No | G63: No | H63: =IF(I63="No major surgery","0",I63) -> 0 | I63: No major surgery | J63: =PROPER(K63) -> Yes | K63: =IF(L63="?", "No", L63) -> yes | L63: yes | N63: {=_xlfn.IFS(B63<18.5,"Under Weight",B63<=24.99,"Normal Weight",B63<=29.99,"Over Weight",B63>=30,"Obesity")} -> Obesity | O63: {=_xlfn.IFS(C63<5.7,"Normal",C63<=6.49,"Prediabetes",C63>=6.5,"Diabetes")} -> Diabetes
A64: Id63 | B64: 52.06 | C64: 11.47 | D64: =PROPER(E:E) -> No | E64: No | F64: No | G64: No | H64: =IF(I64="No major surgery","0",I64) -> 0 | I64: No major surgery | J64: =PROPER(K64) -> Yes | K64: =IF(L64="?", "No", L64) -> yes | L64: yes | N64: {=_xlfn.IFS(B64<18.5,"Under Weight",B64<=24.99,"Normal Weight",B64<=29.99,"Over Weight",B64>=30,"Obesity")} -> Obesity | O64: {=_xlfn.IFS(C64<5.7,"Normal",C64<=6.49,"Prediabetes",C64>=6.5,"Diabetes")} -> Diabetes
A65: Id64 | B65: 30.685 | C65: 7.02 | D65: =PROPER(E:E) -> Yes | E65: yes | F65: No | G65: No | H65: =IF(I65="No major surgery","0",I65) -> 0 | I65: No major surgery | J65: =PROPER(K65) -> Yes | K65: =IF(L65="?", "No", L65) -> yes | L65: yes | N65: {=_xlfn.IFS(B65<18.5,"Under Weight",B65<=24.99,"Normal Weight",B65<=29.99,"Over Weight",B65>=30,"Obesity")} -> Obesity | O65: {=_xlfn.IFS(C65<5.7,"Normal",C65<=6.49,"Prediabetes",C65>=6.5,"Diabetes")} -> Diabetes
A66: Id65 | B66: 36.08 | C66: 8.8 | D66: =PROPER(E:E) -> Yes | E66: yes | F66: No | G66: No | H66: =IF(I66="No major surgery","0",I66) -> 1 | I66: 1 | J66: =PROPER(K66) -> Yes | K66: =IF(L66="?", "No", L66) -> yes | L66: yes | N66: {=_xlfn.IFS(B66<18.5,"Under Weight",B66<=24.99,"Normal Weight",B66<=29.99,"Over Weight",B66>=30,"Obesity")} -> Obesity | O66: {=_xlfn.IFS(C66<5.7,"Normal",C66<=6.49,"Prediabetes",C66>=6.5,"Diabetes")} -> Diabetes
A67: Id66 | B67: 54.99 | C67: 8.68 | D67: =PROPER(E:E) -> No | E67: No | F67: No | G67: No | H67: =IF(I67="No major surgery","0",I67) -> 2 | I67: 2 | J67: =PROPER(K67) -> Yes | K67: =IF(L67="?", "No", L67) -> yes | L67: yes | N67: {=_xlfn.IFS(B67<18.5,"Under Weight",B67<=24.99,"Normal Weight",B67<=29.99,"Over Weight",B67>=30,"Obesity")} -> Obesity | O67: {=_xlfn.IFS(C67<5.7,"Normal",C67<=6.49,"Prediabetes",C67>=6.5,"Diabetes")} -> Diabetes
A68: Id67 | B68: 35.97 | C68: 6.12 | D68: =PROPER(E:E) -> No | E68: No | F68: No | G68: Yes | H68: =IF(I68="No major surgery","0",I68) -> 1 | I68: 1 | J68: =PROPER(K68) -> Yes | K68: =IF(L68="?", "No", L68) -> yes | L68: yes | N68: {=_xlfn.IFS(B68<18.5,"Under Weight",B68<=24.99,"Normal Weight",B68<=29.99,"Over Weight",B68>=30,"Obesity")} -> Obesity | O68: {=_xlfn.IFS(C68<5.7,"Normal",C68<=6.49,"Prediabetes",C68>=6.5,"Diabetes")} -> Prediabetes
A69: Id68 | B69: 45.54 | C69: 5.4 | D69: =PROPER(E:E) -> Yes | E69: yes | F69: No | G69: Yes | H69: =IF(I69="No major surgery","0",I69) -> 1 | I69: 1 | J69: =PROPER(K69) -> Yes | K69: =IF(L69="?", "No", L69) -> yes | L69: yes | N69: {=_xlfn.IFS(B69<18.5,"Under Weight",B69<=24.99,"Normal Weight",B69<=29.99,"Over Weight",B69>=30,"Obesity")} -> Obesity | O69: {=_xlfn.IFS(C69<5.7,"Normal",C69<=6.49,"Prediabetes",C69>=6.5,"Diabetes")} -> Normal
A70: Id69 | B70: 35.53 | C70: 4.36 | D70: =PROPER(E:E) -> Yes | E70: yes | F70: No | G70: No | H70: =IF(I70="No major surgery","0",I70) -> 0 | I70: No major surgery | J70: =PROPER(K70) -> Yes | K70: =IF(L70="?", "No", L70) -> yes | L70: yes | N70: {=_xlfn.IFS(B70<18.5,"Under Weight",B70<=24.99,"Normal Weight",B70<=29.99,"Over Weight",B70>=30,"Obesity")} -> Obesity | O70: {=_xlfn.IFS(C70<5.7,"Normal",C70<=6.49,"Prediabetes",C70>=6.5,"Diabetes")} -> Normal
A71: Id70 | B71: 30.8 | C71: 9.77 | D71: =PROPER(E:E) -> No | E71: No | F71: No | G71: No | H71: =IF(I71="No major surgery","0",I71) -> 0 | I71: No major surgery | J71: =PROPER(K71) -> Yes | K71: =IF(L71="?", "No", L71) -> yes | L71: yes | N71: {=_xlfn.IFS(B71<18.5,"Under Weight",B71<=24.99,"Normal Weight",B71<=29.99,"Over Weight",B71>=30,"Obesity")} -> Obesity | O71: {=_xlfn.IFS(C71<5.7,"Normal",C71<=6.49,"Prediabetes",C71>=6.5,"Diabetes")} -> Diabetes
A72: Id71 | B72: 38.39 | C72: 4.25 | D72: =PROPER(E:E) -> No | E72: No | F72: No | G72: No | H72: =IF(I72="No major surgery","0",I72) -> 1 | I72: 1 | J72: =PROPER(K72) -> Yes | K72: =IF(L72="?", "No", L72) -> yes | L72: yes | N72: {=_xlfn.IFS(B72<18.5,"Under Weight",B72<=24.99,"Normal Weight",B72<=29.99,"Over Weight",B72>=30,"Obesity")} -> Obesity | O72: {=_xlfn.IFS(C72<5.7,"Normal",C72<=6.49,"Prediabetes",C72>=6.5,"Diabetes")} -> Normal
A73: Id72 | B73: 32.3 | C73: 4.76 | D73: =PROPER(E:E) -> No | E73: No | F73: No | G73: No | H73: =IF(I73="No major surgery","0",I73) -> 2 | I73: 2 | J73: =PROPER(K73) -> Yes | K73: =IF(L73="?", "No", L73) -> yes | L73: yes | N73: {=_xlfn.IFS(B73<18.5,"Under Weight",B73<=24.99,"Normal Weight",B73<=29.99,"Over Weight",B73>=30,"Obesity")} -> Obesity | O73: {=_xlfn.IFS(C73<5.7,"Normal",C73<=6.49,"Prediabetes",C73>=6.5,"Diabetes")} -> Normal
A74: Id73 | B74: 48.8 | C74: 6.22 | D74: =PROPER(E:E) -> Yes | E74: yes | F74: No | G74: No | H74: =IF(I74="No major surgery","0",I74) -> 2 | I74: 2 | J74: =PROPER(K74) -> Yes | K74: =IF(L74="?", "No", L74) -> yes | L74: yes | N74: {=_xlfn.IFS(B74<18.5,"Under Weight",B74<=24.99,"Normal Weight",B74<=29.99,"Over Weight",B74>=30,"Obesity")} -> Obesity | O74: {=_xlfn.IFS(C74<5.7,"Normal",C74<=6.49,"Prediabetes",C74>=6.5,"Diabetes")} -> Prediabetes
A75: Id74 | B75: 45.5 | C75: 7.96 | D75: =PROPER(E:E) -> No | E75: No | F75: No | G75: No | H75: =IF(I75="No major surgery","0",I75) -> 0 | I75: No major surgery | J75: =PROPER(K75) -> Yes | K75: =IF(L75="?", "No", L75) -> yes | L75: yes | N75: {=_xlfn.IFS(B75<18.5,"Under Weight",B75<=24.99,"Normal Weight",B75<=29.99,"Over Weight",B75>=30,"Obesity")} -> Obesity | O75: {=_xlfn.IFS(C75<5.7,"Normal",C75<=6.49,"Prediabetes",C75>=6.5,"Diabetes")} -> Diabetes
A76: Id75 | B76: 53.61 | C76: 10.92 | D76: =PROPER(E:E) -> Yes | E76: yes | F76: No | G76: No | H76: =IF(I76="No major surgery","0",I76) -> 1 | I76: 1 | J76: =PROPER(K76) -> Yes | K76: =IF(L76="?", "No", L76) -> yes | L76: yes | N76: {=_xlfn.IFS(B76<18.5,"Under Weight",B76<=24.99,"Normal Weight",B76<=29.99,"Over Weight",B76>=30,"Obesity")} -> Obesity | O76: {=_xlfn.IFS(C76<5.7,"Normal",C76<=6.49,"Prediabetes",C76>=6.5,"Diabetes")} -> Diabetes
A77: Id76 | B77: 36.19 | C77: 11.51 | D77: =PROPER(E:E) -> Yes | E77: yes | F77: No | G77: No | H77: =IF(I77="No major surgery","0",I77) -> 1 | I77: 1 | J77: =PROPER(K77) -> Yes | K77: =IF(L77="?", "No", L77) -> yes | L77: yes | N77: {=_xlfn.IFS(B77<18.5,"Under Weight",B77<=24.99,"Normal Weight",B77<=29.99,"Over Weight",B77>=30,"Obesity")} -> Obesity | O77: {=_xlfn.IFS(C77<5.7,"Normal",C77<=6.49,"Prediabetes",C77>=6.5,"Diabetes")} -> Diabetes
A78: Id77 | B78: 34.6 | C78: 5.99 | D78: =PROPER(E:E) -> Yes | E78: yes | F78: No | G78: No | H78: =IF(I78="No major surgery","0",I78) -> 0 | I78: No major surgery | J78: =PROPER(K78) -> Yes | K78: =IF(L78="?", "No", L78) -> yes | L78: yes | N78: {=_xlfn.IFS(B78<18.5,"Under Weight",B78<=24.99,"Normal Weight",B78<=29.99,"Over Weight",B78>=30,"Obesity")} -> Obesity | O78: {=_xlfn.IFS(C78<5.7,"Normal",C78<=6.49,"Prediabetes",C78>=6.5,"Diabetes")} -> Prediabetes
A79: Id78 | B79: 54.12 | C79: 11.57 | D79: =PROPER(E:E) -> No | E79: No | F79: No | G79: No | H79: =IF(I79="No major surgery","0",I79) -> 0 | I79: No major surgery | J79: =PROPER(K79) -> Yes | K79: =IF(L79="?", "No", L79) -> yes | L79: yes | N79: {=_xlfn.IFS(B79<18.5,"Under Weight",B79<=24.99,"Normal Weight",B79<=29.99,"Over Weight",B79>=30,"Obesity")} -> Obesity | O79: {=_xlfn.IFS(C79<5.7,"Normal",C79<=6.49,"Prediabetes",C79>=6.5,"Diabetes")} -> Diabetes
A80: Id79 | B80: 48.82 | C80: 6.67 | D80: =PROPER(E:E) -> Yes | E80: yes | F80: No | G80: No | H80: =IF(I80="No major surgery","0",I80) -> 0 | I80: No major surgery | J80: =PROPER(K80) -> Yes | K80: =IF(L80="?", "No", L80) -> yes | L80: yes | N80: {=_xlfn.IFS(B80<18.5,"Under Weight",B80<=24.99,"Normal Weight",B80<=29.99,"Over Weight",B80>=30,"Obesity")} -> Obesity | O80: {=_xlfn.IFS(C80<5.7,"Normal",C80<=6.49,"Prediabetes",C80>=6.5,"Diabetes")} -> Diabetes
A81: Id80 | B81: 51.01 | C81: 9.2 | D81: =PROPER(E:E) -> No | E81: No | F81: No | G81: No | H81: =IF(I81="No major surgery","0",I81) -> 0 | I81: No major surgery | J81: =PROPER(K81) -> Yes | K81: =IF(L81="?", "No", L81) -> yes | L81: yes | N81: {=_xlfn.IFS(B81<18.5,"Under Weight",B81<=24.99,"Normal Weight",B81<=29.99,"Over Weight",B81>=30,"Obesity")} -> Obesity | O81: {=_xlfn.IFS(C81<5.7,"Normal",C81<=6.49,"Prediabetes",C81>=6.5,"Diabetes")} -> Diabetes
A82: Id81 | B82: 45.65 | C82: 5.11 | D82: =PROPER(E:E) -> Yes | E82: yes | F82: No | G82: No | H82: =IF(I82="No major surgery","0",I82) -> 1 | I82: 1 | J82: =PROPER(K82) -> Yes | K82: =IF(L82="?", "No", L82) -> yes | L82: yes | N82: {=_xlfn.IFS(B82<18.5,"Under Weight",B82<=24.99,"Normal Weight",B82<=29.99,"Over Weight",B82>=30,"Obesity")} -> Obesity | O82: {=_xlfn.IFS(C82<5.7,"Normal",C82<=6.49,"Prediabetes",C82>=6.5,"Diabetes")} -> Normal
A83: Id82 | B83: 52.9 | C83: 5.34 | D83: =PROPER(E:E) -> No | E83: No | F83: No | G83: No | H83: =IF(I83="No major surgery","0",I83) -> 0 | I83: No major surgery | J83: =PROPER(K83) -> Yes | K83: =IF(L83="?", "No", L83) -> yes | L83: yes | N83: {=_xlfn.IFS(B83<18.5,"Under Weight",B83<=24.99,"Normal Weight",B83<=29.99,"Over Weight",B83>=30,"Obesity")} -> Obesity | O83: {=_xlfn.IFS(C83<5.7,"Normal",C83<=6.49,"Prediabetes",C83>=6.5,"Diabetes")} -> Normal
A84: Id83 | B84: 45.41 | C84: 4.03 | D84: =PROPER(E:E) -> Yes | E84: yes | F84: No | G84: No | H84: =IF(I84="No major surgery","0",I84) -> 1 | I84: 1 | J84: =PROPER(K84) -> Yes | K84: =IF(L84="?", "No", L84) -> yes | L84: yes | N84: {=_xlfn.IFS(B84<18.5,"Under Weight",B84<=24.99,"Normal Weight",B84<=29.99,"Over Weight",B84>=30,"Obesity")} -> Obesity | O84: {=_xlfn.IFS(C84<5.7,"Normal",C84<=6.49,"Prediabetes",C84>=6.5,"Diabetes")} -> Normal
A85: Id84 | B85: 49.41 | C85: 4.23 | D85: =PROPER(E:E) -> Yes | E85: yes | F85: No | G85: Yes | H85: =IF(I85="No major surgery","0",I85) -> 1 | I85: 1 | J85: =PROPER(K85) -> Yes | K85: =IF(L85="?", "No", L85) -> yes | L85: yes | N85: {=_xlfn.IFS(B85<18.5,"Under Weight",B85<=24.99,"Normal Weight",B85<=29.99,"Over Weight",B85>=30,"Obesity")} -> Obesity | O85: {=_xlfn.IFS(C85<5.7,"Normal",C85<=6.49,"Prediabetes",C85>=6.5,"Diabetes")} -> Normal
A86: Id85 | B86: 31.825 | C86: 4.06 | D86: =PROPER(E:E) -> No | E86: No | F86: No | G86: No | H86: =IF(I86="No major surgery","0",I86) -> 2 | I86: 2 | J86: =PROPER(K86) -> Yes | K86: =IF(L86="?", "No", L86) -> yes | L86: yes | N86: {=_xlfn.IFS(B86<18.5,"Under Weight",B86<=24.99,"Normal Weight",B86<=29.99,"Over Weight",B86>=30,"Obesity")} -> Obesity | O86: {=_xlfn.IFS(C86<5.7,"Normal",C86<=6.49,"Prediabetes",C86>=6.5,"Diabetes")} -> Normal
A87: Id86 | B87: 51.28 | C87: 4.68 | D87: =PROPER(E:E) -> No | E87: No | F87: No | G87: No | H87: =IF(I87="No major surgery","0",I87) -> 2 | I87: 2 | J87: =PROPER(K87) -> Yes | K87: =IF(L87="?", "No", L87) -> yes | L87: yes | N87: {=_xlfn.IFS(B87<18.5,"Under Weight",B87<=24.99,"Normal Weight",B87<=29.99,"Over Weight",B87>=30,"Obesity")} -> Obesity | O87: {=_xlfn.IFS(C87<5.7,"Normal",C87<=6.49,"Prediabetes",C87>=6.5,"Diabetes")} -> Normal
A88: Id87 | B88: 34.96 | C88: 4.34 | D88: =PROPER(E:E) -> No | E88: No | F88: No | G88: Yes | H88: =IF(I88="No major surgery","0",I88) -> 1 | I88: 1 | J88: =PROPER(K88) -> Yes | K88: =IF(L88="?", "No", L88) -> yes | L88: yes | N88: {=_xlfn.IFS(B88<18.5,"Under Weight",B88<=24.99,"Normal Weight",B88<=29.99,"Over Weight",B88>=30,"Obesity")} -> Obesity | O88: {=_xlfn.IFS(C88<5.7,"Normal",C88<=6.49,"Prediabetes",C88>=6.5,"Diabetes")} -> Normal
A89: Id88 | B89: 33.11 | C89: 10.51 | D89: =PROPER(E:E) -> No | E89: No | F89: No | G89: No | H89: =IF(I89="No major surgery","0",I89) -> 0 | I89: No major surgery | J89: =PROPER(K89) -> Yes | K89: =IF(L89="?", "No", L89) -> yes | L89: yes | N89: {=_xlfn.IFS(B89<18.5,"Under Weight",B89<=24.99,"Normal Weight",B89<=29.99,"Over Weight",B89>=30,"Obesity")} -> Obesity | O89: {=_xlfn.IFS(C89<5.7,"Normal",C89<=6.49,"Prediabetes",C89>=6.5,"Diabetes")} -> Diabetes
A90: Id89 | B90: 54.74 | C90: 5.84 | D90: =PROPER(E:E) -> Yes | E90: yes | F90: No | G90: Yes | H90: =IF(I90="No major surgery","0",I90) -> 1 | I90: 1 | J90: =PROPER(K90) -> Yes | K90: =IF(L90="?", "No", L90) -> yes | L90: yes | N90: {=_xlfn.IFS(B90<18.5,"Under Weight",B90<=24.99,"Normal Weight",B90<=29.99,"Over Weight",B90>=30,"Obesity")} -> Obesity | O90: {=_xlfn.IFS(C90<5.7,"Normal",C90<=6.49,"Prediabetes",C90>=6.5,"Diabetes")} -> Prediabetes
A91: Id90 | B91: 32.56 | C91: 5.41 | D91: =PROPER(E:E) -> No | E91: No | F91: No | G91: Yes | H91: =IF(I91="No major surgery","0",I91) -> 1 | I91: 1 | J91: =PROPER(K91) -> Yes | K91: =IF(L91="?", "No", L91) -> yes | L91: yes | N91: {=_xlfn.IFS(B91<18.5,"Under Weight",B91<=24.99,"Normal Weight",B91<=29.99,"Over Weight",B91>=30,"Obesity")} -> Obesity | O91: {=_xlfn.IFS(C91<5.7,"Normal",C91<=6.49,"Prediabetes",C91>=6.5,"Diabetes")} -> Normal
A92: Id91 | B92: 39.05 | C92: 6.06 | D92: =PROPER(E:E) -> No | E92: No | F92: No | G92: No | H92: =IF(I92="No major surgery","0",I92) -> 1 | I92: 1 | J92: =PROPER(K92) -> Yes | K92: =IF(L92="?", "No", L92) -> yes | L92: yes | N92: {=_xlfn.IFS(B92<18.5,"Under Weight",B92<=24.99,"Normal Weight",B92<=29.99,"Over Weight",B92>=30,"Obesity")} -> Obesity | O92: {=_xlfn.IFS(C92<5.7,"Normal",C92<=6.49,"Prediabetes",C92>=6.5,"Diabetes")} -> Prediabetes
A93: Id92 | B93: 42.75 | C93: 4.22 | D93: =PROPER(E:E) -> No | E93: No | F93: No | G93: No | H93: =IF(I93="No major surgery","0",I93) -> 0 | I93: No major surgery | J93: =PROPER(K93) -> Yes | K93: =IF(L93="?", "No", L93) -> yes | L93: yes | N93: {=_xlfn.IFS(B93<18.5,"Under Weight",B93<=24.99,"Normal Weight",B93<=29.99,"Over Weight",B93>=30,"Obesity")} -> Obesity | O93: {=_xlfn.IFS(C93<5.7,"Normal",C93<=6.49,"Prediabetes",C93>=6.5,"Diabetes")} -> Normal
A94: Id93 | B94: 50.58 | C94: 5.12 | D94: =PROPER(E:E) -> No | E94: No | F94: No | G94: No | H94: =IF(I94="No major surgery","0",I94) -> 2 | I94: 2 | J94: =PROPER(K94) -> Yes | K94: =IF(L94="?", "No", L94) -> yes | L94: yes | N94: {=_xlfn.IFS(B94<18.5,"Under Weight",B94<=24.99,"Normal Weight",B94<=29.99,"Over Weight",B94>=30,"Obesity")} -> Obesity | O94: {=_xlfn.IFS(C94<5.7,"Normal",C94<=6.49,"Prediabetes",C94>=6.5,"Diabetes")} -> Normal
A95: Id94 | B95: 30.495 | C95: 4.57 | D95: =PROPER(E:E) -> Yes | E95: yes | F95: No | G95: No | H95: =IF(I95="No major surgery","0",I95) -> 0 | I95: No major surgery | J95: =PROPER(K95) -> Yes | K95: =IF(L95="?", "No", L95) -> yes | L95: yes | N95: {=_xlfn.IFS(B95<18.5,"Under Weight",B95<=24.99,"Normal Weight",B95<=29.99,"Over Weight",B95>=30,"Obesity")} -> Obesity | O95: {=_xlfn.IFS(C95<5.7,"Normal",C95<=6.49,"Prediabetes",C95>=6.5,"Diabetes")} -> Normal
A96: Id95 | B96: 48.31 | C96: 9.58 | D96: =PROPER(E:E) -> Yes | E96: yes | F96: No | G96: No | H96: =IF(I96="No major surgery","0",I96) -> 2 | I96: 2 | J96: =PROPER(K96) -> Yes | K96: =IF(L96="?", "No", L96) -> yes | L96: yes | N96: {=_xlfn.IFS(B96<18.5,"Under Weight",B96<=24.99,"Normal Weight",B96<=29.99,"Over Weight",B96>=30,"Obesity")} -> Obesity | O96: {=_xlfn.IFS(C96<5.7,"Normal",C96<=6.49,"Prediabetes",C96>=6.5,"Diabetes")} -> Diabetes
A97: Id96 | B97: 48.99 | C97: 9.78 | D97: =PROPER(E:E) -> Yes | E97: yes | F97: No | G97: No | H97: =IF(I97="No major surgery","0",I97) -> 1 | I97: 1 | J97: =PROPER(K97) -> Yes | K97: =IF(L97="?", "No", L97) -> yes | L97: yes | N97: {=_xlfn.IFS(B97<18.5,"Under Weight",B97<=24.99,"Normal Weight",B97<=29.99,"Over Weight",B97>=30,"Obesity")} -> Obesity | O97: {=_xlfn.IFS(C97<5.7,"Normal",C97<=6.49,"Prediabetes",C97>=6.5,"Diabetes")} -> Diabetes
A98: Id97 | B98: 38.39 | C98: 4.11 | D98: =PROPER(E:E) -> Yes | E98: yes | F98: No | G98: No | H98: =IF(I98="No major surgery","0",I98) -> 0 | I98: No major surgery | J98: =PROPER(K98) -> Yes | K98: =IF(L98="?", "No", L98) -> yes | L98: yes | N98: {=_xlfn.IFS(B98<18.5,"Under Weight",B98<=24.99,"Normal Weight",B98<=29.99,"Over Weight",B98>=30,"Obesity")} -> Obesity | O98: {=_xlfn.IFS(C98<5.7,"Normal",C98<=6.49,"Prediabetes",C98>=6.5,"Diabetes")} -> Normal
A99: Id98 | B99: 44.34 | C99: 4.02 | D99: =PROPER(E:E) -> Yes | E99: yes | F99: No | G99: No | H99: =IF(I99="No major surgery","0",I99) -> 2 | I99: 2 | J99: =PROPER(K99) -> Yes | K99: =IF(L99="?", "No", L99) -> yes | L99: yes | N99: {=_xlfn.IFS(B99<18.5,"Under Weight",B99<=24.99,"Normal Weight",B99<=29.99,"Over Weight",B99>=30,"Obesity")} -> Obesity | O99: {=_xlfn.IFS(C99<5.7,"Normal",C99<=6.49,"Prediabetes",C99>=6.5,"Diabetes")} -> Normal
A100: Id99 | B100: 41.51 | C100: 6.92 | D100: =PROPER(E:E) -> No | E100: No | F100: No | G100: No | H100: =IF(I100="No major surgery","0",I100) -> 0 | I100: No major surgery | J100: =PROPER(K100) -> Yes | K100: =IF(L100="?", "No", L100) -> yes | L100: yes | N100: {=_xlfn.IFS(B100<18.5,"Under Weight",B100<=24.99,"Normal Weight",B100<=29.99,"Over Weight",B100>=30,"Obesity")} -> Obesity | O100: {=_xlfn.IFS(C100<5.7,"Normal",C100<=6.49,"Prediabetes",C100>=6.5,"Diabetes")} -> Diabetes
...

Sheet Hospitalisation Details
A1: Customer ID | B1: corrected year | C1: year | D1: corrected month | E1: month | F1: date | G1: Date of Birth | H1: AGE | I1: children | J1: charges | K1: cleaned Hospital tier | L1: Hospital tier | M1: cleaned city tier | N1: City tier | O1: cleaned State ID | P1: State ID | Q1: COUNT OF BLANKS
A2: ? | B2: =SUBSTITUTE(C2,"?",ROUNDUP(AVERAGEIF(C:C,"<>~?",C:C),0)) -> 2004 | C2: 2004 | D2: =SUBSTITUTE(E2,"?","sep") -> Nov | E2: Nov | F2: 6 | G2: =CONCATENATE(F2,"-",D2,"-",B2) -> 6-Nov-2004 | H2: =DATEDIF(G2,DATE(2023,6,8),"Y") -> 18 | I2: 0 | J2: 1137.01 | K2: =IF(L2="?","tier - 2",L2) -> tier - 3 | L2: tier - 3 | M2: =IF(N2="?","tier - 1",N2) -> tier - 1 | N2: tier - 1 | O2: =IF(P2="?","UNKNOWN",P2) -> R1013 | P2: R1013
A3: ? | B3: =SUBSTITUTE(C3,"?",ROUNDUP(AVERAGEIF(C:C,"<>~?",C:C),0)) -> 1999 | C3: 1999 | D3: =SUBSTITUTE(E3,"?","sep") -> Jun | E3: Jun | F3: 9 | G3: =CONCATENATE(F3,"-",D3,"-",B3) -> 9-Jun-1999 | H3: =DATEDIF(G3,DATE(2023,6,8),"Y") -> 23 | I3: 1 | J3: 2775.19 | K3: =IF(L3="?","tier - 2",L3) -> tier - 2 | L3: tier - 2 | M3: =IF(N3="?","tier - 1",N3) -> tier - 1 | N3: tier - 1 | O3: =IF(P3="?","UNKNOWN",P3) -> R1012 | P3: R1012
A4: ? | B4: =SUBSTITUTE(C4,"?",ROUNDUP(AVERAGEIF(C:C,"<>~?",C:C),0)) -> 1985 | C4: 1985 | D4: =SUBSTITUTE(E4,"?","sep") -> Dec | E4: Dec | F4: 20 | G4: =CONCATENATE(F4,"-",D4,"-",B4) -> 20-Dec-1985 | H4: =DATEDIF(G4,DATE(2023,6,8),"Y") -> 37 | I4: 2 | J4: 6203.9 | K4: =IF(L4="?","tier - 2",L4) -> tier - 1 | L4: tier - 1 | M4: =IF(N4="?","tier - 1",N4) -> tier - 2 | N4: tier - 2 | O4: =IF(P4="?","UNKNOWN",P4) -> R1012 | P4: R1012
A5: ? | B5: =SUBSTITUTE(C5,"?",ROUNDUP(AVERAGEIF(C:C,"<>~?",C:C),0)) -> 2000 | C5: 2000 | D5: =SUBSTITUTE(E5,"?","sep") -> Oct | E5: Oct | F5: 13 | G5: =CONCATENATE(F5,"-",D5,"-",B5) -> 13-Oct-2000 | H5: =DATEDIF(G5,DATE(2023,6,8),"Y") -> 22 | I5: 0 | J5: 35585.58 | K5: =IF(L5="?","tier - 2",L5) -> tier - 1 | L5: tier - 1 | M5: =IF(N5="?","tier - 1",N5) -> tier - 2 | N5: tier - 2 | O5: =IF(P5="?","UNKNOWN",P5) -> R1011 | P5: R1011
A6: ? | B6: =SUBSTITUTE(C6,"?",ROUNDUP(AVERAGEIF(C:C,"<>~?",C:C),0)) -> 1992 | C6: 1992 | D6: =SUBSTITUTE(E6,"?","sep") -> Oct | E6: Oct | F6: 6 | G6: =CONCATENATE(F6,"-",D6,"-",B6) -> 6-Oct-1992 | H6: =DATEDIF(G6,DATE(2023,6,8),"Y") -> 30 | I6: 0 | J6: 36837.47 | K6: =IF(L6="?","tier - 2",L6) -> tier - 1 | L6: tier - 1 | M6: =IF(N6="?","tier - 1",N6) -> tier - 2 | N6: tier - 2 | O6: =IF(P6="?","UNKNOWN",P6) -> R1011 | P6: R1011
A7: ? | B7: =SUBSTITUTE(C7,"?",ROUNDUP(AVERAGEIF(C:C,"<>~?",C:C),0)) -> 1991 | C7: 1991 | D7: =SUBSTITUTE(E7,"?","sep") -> Nov | E7: Nov | F7: 22 | G7: =CONCATENATE(F7,"-",D7,"-",B7) -> 22-Nov-1991 | H7: =DATEDIF(G7,DATE(2023,6,8),"Y") -> 31 | I7: 2 | J7: 38711 | K7: =IF(L7="?","tier - 2",L7) -> tier - 1 | L7: tier - 1 | M7: =IF(N7="?","tier - 1",N7) -> tier - 3 | N7: tier - 3 | O7: =IF(P7="?","UNKNOWN",P7) -> R1011 | P7: R1011
A8: Id1 | B8: =SUBSTITUTE(C8,"?",ROUNDUP(AVERAGEIF(C:C,"<>~?",C:C),0)) -> 1968 | C8: 1968 | D8: =SUBSTITUTE(E8,"?","sep") -> Oct | E8: Oct | F8: 12 | G8: =CONCATENATE(F8,"-",D8,"-",B8) -> 12-Oct-1968 | H8: =DATEDIF(G8,DATE(2023,6,8),"Y") -> 54 | I8: 0 | J8: 63770.43 | K8: =IF(L8="?","tier - 2",L8) -> tier - 1 | L8: tier - 1 | M8: =IF(N8="?","tier - 1",N8) -> tier - 3 | N8: tier - 3 | O8: =IF(P8="?","UNKNOWN",P8) -> R1013 | P8: R1013
A9: Id10 | B9: =SUBSTITUTE(C9,"?",ROUNDUP(AVERAGEIF(C:C,"<>~?",C:C),0)) -> 1978 | C9: 1978 | D9: =SUBSTITUTE(E9,"?","sep") -> Dec | E9: Dec | F9: 29 | G9: =CONCATENATE(F9,"-",D9,"-",B9) -> 29-Dec-1978 | H9: =DATEDIF(G9,DATE(2023,6,8),"Y") -> 44 | I9: 0 | J9: 48885.14 | K9: =IF(L9="?","tier - 2",L9) -> tier - 1 | L9: tier - 1 | M9: =IF(N9="?","tier - 1",N9) -> tier - 2 | N9: tier - 2 | O9: =IF(P9="?","UNKNOWN",P9) -> R1013 | P9: R1013
A10: Id100 | B10: =SUBSTITUTE(C10,"?",ROUNDUP(AVERAGEIF(C:C,"<>~?",C:C),0)) -> 1977 | C10: 1977 | D10: =SUBSTITUTE(E10,"?","sep") -> Jun | E10: Jun | F10: 27 | G10: =CONCATENATE(F10,"-",D10,"-",B10) -> 27-Jun-1977 | H10: =DATEDIF(G10,DATE(2023,6,8),"Y") -> 45 | I10: 2 | J10: 40284.38 | K10: =IF(L10="?","tier - 2",L10) -> tier - 1 | L10: tier - 1 | M10: =IF(N10="?","tier - 1",N10) -> tier - 3 | N10: tier - 3 | O10: =IF(P10="?","UNKNOWN",P10) -> R1012 | P10: R1012
A11: Id1000 | B11: =SUBSTITUTE(C11,"?",ROUNDUP(AVERAGEIF(C:C,"<>~?",C:C),0)) -> 1989 | C11: 1989 | D11: =SUBSTITUTE(E11,"?","sep") -> Dec | E11: Dec | F11: 17 | G11: =CONCATENATE(F11,"-",D11,"-",B11) -> 17-Dec-1989 | H11: =DATEDIF(G11,DATE(2023,6,8),"Y") -> 33 | I11: 3 | J11: 11250.43 | K11: =IF(L11="?","tier - 2",L11) -> tier - 3 | L11: tier - 3 | M11: =IF(N11="?","tier - 1",N11) -> tier - 2 | N11: tier - 2 | O11: =IF(P11="?","UNKNOWN",P11) -> R1026 | P11: R1026
A12: Id1001 | B12: =SUBSTITUTE(C12,"?",ROUNDUP(AVERAGEIF(C:C,"<>~?",C:C),0)) -> 1969 | C12: 1969 | D12: =SUBSTITUTE(E12,"?","sep") -> Dec | E12: Dec | F12: 30 | G12: =CONCATENATE(F12,"-",D12,"-",B12) -> 30-Dec-1969 | H12: =DATEDIF(G12,DATE(2023,6,8),"Y") -> 53 | I12: 2 | J12: 11244.38 | K12: =IF(L12="?","tier - 2",L12) -> tier - 3 | L12: tier - 3 | M12: =IF(N12="?","tier - 1",N12) -> tier - 1 | N12: tier - 1 | O12: =IF(P12="?","UNKNOWN",P12) -> R1016 | P12: R1016
A13: Id1002 | B13: =SUBSTITUTE(C13,"?",ROUNDUP(AVERAGEIF(C:C,"<>~?",C:C),0)) -> 1976 | C13: 1976 | D13: =SUBSTITUTE(E13,"?","sep") -> Jun | E13: Jun | F13: 28 | G13: =CONCATENATE(F13,"-",D13,"-",B13) -> 28-Jun-1976 | H13: =DATEDIF(G13,DATE(2023,6,8),"Y") -> 46 | I13: 2 | J13: 11217.35 | K13: =IF(L13="?","tier - 2",L13) -> tier - 3 | L13: tier - 3 | M13: =IF(N13="?","tier - 1",N13) -> tier - 2 | N13: tier - 2 | O13: =IF(P13="?","UNKNOWN",P13) -> R1025 | P13: R1025
... A326: Id1285 | B326: =SUBSTITUTE(C326,"?",ROUNDUP(AVERAGEIF(C:C,"<>~?",C:C),0)) -> 1975 | C326: 1975 | D326: =SUBSTITUTE(E326,"?","sep") -> Aug | E326: Aug | F326: 6 | G326: =CONCATENATE(F326,"-",D326,"-",B326) -> 6-Aug-1975 | H326: =DATEDIF(G326,DATE(2023,6,8),"Y") -> 47 | I326: 1 | J326: 8551.35 | K326: =IF(L326="?","tier - 2",L326) -> tier - 2 | L326: tier - 2 | M326: =IF(N326="?","tier - 1",N326) -> tier - 2 | N326: tier - 2 | O326: =IF(P326="?","UNKNOWN",P326) -> R1011 | P326: R1011
A327: Id1286 | B327: =SUBSTITUTE(C327,"?",ROUNDUP(AVERAGEIF(C:C,"<>~?",C:C),0)) -> 1983 | C327: ? | D327: =SUBSTITUTE(E327,"?","sep") -> Dec | E327: Dec | F327: 12 | G327: =CONCATENATE(F327,"-",D327,"-",B327) -> 12-Dec-1983 | H327: =DATEDIF(G327,DATE(2023,6,8),"Y") -> 39 | I327: 1 | J327: 8547.69 | K327: =IF(L327="?","tier - 2",L327) -> tier - 2 | L327: tier - 2 | M327: =IF(N327="?","tier - 1",N327) -> tier - 1 | N327: tier - 1 | O327: =IF(P327="?","UNKNOWN",P327) -> R1013 | P327: R1013
A328: Id1287 | B328: =SUBSTITUTE(C328,"?",ROUNDUP(AVERAGEIF(C:C,"<>~?",C:C),0)) -> 1975 | C328: 1975 | D328: =SUBSTITUTE(E328,"?","sep") -> Nov | E328: Nov | F328: 6 | G328: =CONCATENATE(F328,"-",D328,"-",B328) -> 6-Nov-1975 | H328: =DATEDIF(G328,DATE(2023,6,8),"Y") -> 47 | I328: 1 | J328: 8539.67 | K328: =IF(L328="?","tier - 2",L328) -> tier - 2 | L328: tier - 2 | M328: =IF(N328="?","tier - 1",N328) -> tier - 3 | N328: tier - 3 | O328: =IF(P328="?","UNKNOWN",P328) -> R1011 | P328: R1011
A329: Id1288 | B329: =SUBSTITUTE(C329,"?",ROUNDUP(AVERAGEIF(C:C,"<>~?",C:C),0)) -> 1981 | C329: 1981 | D329: =SUBSTITUTE(E329,"?","sep") -> Dec | E329: Dec | F329: 27 | G329: =CONCATENATE(F329,"-",D329,"-",B329) -> 27-Dec-1981 | H329: =DATEDIF(G329,DATE(2023,6,8),"Y") -> 41 | I329: 3 | J329: 8538.29 | K329: =IF(L329="?","tier - 2",L329) -> tier - 2 | L329: tier - 2 | M329: =IF(N329="?","tier - 1",N329) -> tier - 3 | N329: tier - 3 | O329: =IF(P329="?","UNKNOWN",P329) -> R1024 | P329: R1024
A330: Id1289 | B330: =SUBSTITUTE(C330,"?",ROUNDUP(AVERAGEIF(C:C,"<>~?",C:C),0)) -> 1983 | C330: ? | D330: =SUBSTITUTE(E330,"?","sep") -> Jul | E330: Jul | F330: 24 | G330: =CONCATENATE(F330,"-",D330,"-",B330) -> 24-Jul-1983 | H330: =DATEDIF(G330,DATE(2023,6,8),"Y") -> 39 | I330: 0 | J330: 8534.67 | K330: =IF(L330="?","tier - 2",L330) -> tier - 2 | L330: tier - 2 | M330: =IF(N330="?","tier - 1",N330) -> tier - 3 | N330: tier - 3 | O330: =IF(P330="?","UNKNOWN",P330) -> R1024 | P330: R1024
A331: Id129 | B331: =SUBSTITUTE(C331,"?",ROUNDUP(AVERAGEIF(C:C,"<>~?",C:C),0)) -> 1985 | C331: 1985 | D331: =SUBSTITUTE(E331,"?","sep") -> Sep | E331: Sep | F331: 20 | G331: =CONCATENATE(F331,"-",D331,"-",B331) -> 20-Sep-1985 | H331: =DATEDIF(G331,DATE(2023,6,8),"Y") -> 37 | I331: 1 | J331: 39047.29 | K331: =IF(L331="?","tier - 2",L331) -> tier - 1 | L331: tier - 1 | M331: =IF(N331="?","tier - 1",N331) -> tier - 3 | N331: tier - 3 | O331: =IF(P331="?","UNKNOWN",P331) -> R1017 | P331: R1017
A332: Id1290 | B332: =SUBSTITUTE(C332,"?",ROUNDUP(AVERAGEIF(C:C,"<>~?",C:C),0)) -> 1977 | C332: 1977 | D332: =SUBSTITUTE(E332,"?","sep") -> Jul | E332: Jul | F332: 26 | G332: =CONCATENATE(F332,"-",D332,"-",B332) -> 26-Jul-1977 | H332: =DATEDIF(G332,DATE(2023,6,8),"Y") -> 45 | I332: 2 | J332: 8527.53 | K332: =IF(L332="?","tier - 2",L332) -> tier - 2 | L332: tier - 2 | M332: =IF(N332="?","tier - 1",N332) -> tier - 2 | N332: tier - 2 | O332: =IF(P332="?","UNKNOWN",P332) -> R1013 | P332: R1013
A333: Id1291 | B333: =SUBSTITUTE(C333,"?",ROUNDUP(AVERAGEIF(C:C,"<>~?",C:C),0)) -> 1979 | C333: 1979 | D333: =SUBSTITUTE(E333,"?","sep") -> Aug | E333: Aug | F333: 13 | G333: =CONCATENATE(F333,"-",D333,"-",B333) -> 13-Aug-1979 | H333: =DATEDIF(G333,DATE(2023,6,8),"Y") -> 43 | I333: 3 | J333: 8522 | K333: =IF(L333="?","tier - 2",L333) -> tier - 2 | L333: tier - 2 | M333: =IF(N333="?","tier - 1",N333) -> tier - 2 | N333: tier - 2 | O333: =IF(P333="?","UNKNOWN",P333) -> R1011 | P333: R1011
A334: Id1292 | B334: =SUBSTITUTE(C334,"?",ROUNDUP(AVERAGEIF(C:C,"<>~?",C:C),0)) -> 1977 | C334: 1977 | D334: =SUBSTITUTE(E334,"?","sep") -> Dec | E334: Dec | F334: 29 | G334: =CONCATENATE(F334,"-",D334,"-",B334) -> 29-Dec-1977 | H334: =DATEDIF(G334,DATE(2023,6,8),"Y") -> 45 | I334: 2 | J334: 8520.03 | K334: =IF(L334="?","tier - 2",L334) -> tier - 2 | L334: tier - 2 | M334: =IF(N334="?","tier - 1",N334) -> tier - 3 | N334: tier - 3 | O334: =IF(P334="?","UNKNOWN",P334) -> R1011 | P334: R1011
A335: Id1293 | B335: =SUBSTITUTE(C335,"?",ROUNDUP(AVERAGEIF(C:C,"<>~?",C:C),0)) -> 1977 | C335: 1977 | D335: =SUBSTITUTE(E335,"?","sep") -> Jun | E335: Jun | F335: 21 | G335: =CONCATENATE(F335,"-",D335,"-",B335) -> 21-Jun-1977 | H335: =DATEDIF(G335,DATE(2023,6,8),"Y") -> 45 | I335: 2 | J335: 8516.83 | K335: =IF(L335="?","tier - 2",L335) -> tier - 2 | L335: tier - 2 | M335: =IF(N335="?","tier - 1",N335) -> tier - 1 | N335: tier - 1 | O335: =IF(P335="?","UNKNOWN",P335) -> R1013 | P335: R1013
A336: Id1294 | B336: =SUBSTITUTE(C336,"?",ROUNDUP(AVERAGEIF(C:C,"<>~?",C:C),0)) -> 1977 | C336: 1977 | D336: =SUBSTITUTE(E336,"?","sep") -> Dec | E336: Dec | F336: 26 | G336: =CONCATENATE(F336,"-",D336,"-",B336) -> 26-Dec-1977 | H336: =DATEDIF(G336,DATE(2023,6,8),"Y") -> 45 | I336: 2 | J336: 8515.76 | K336: =IF(L336="?","tier - 2",L336) -> tier - 2 | L336: tier - 2 | M336: =IF(N336="?","tier - 1",N336) -> tier - 2 | N336: tier - 2 | O336: =IF(P336="?","UNKNOWN",P336) -> R1013 | P336: R1013
A337: Id1295 | B337: =SUBSTITUTE(C337,"?",ROUNDUP(AVERAGEIF(C:C,"<>~?",C:C),0)) -> 1993 | C337: 1993 | D337: =SUBSTITUTE(E337,"?","sep") -> Nov | E337: Nov | F337: 10 | G337: =CONCATENATE(F337,"-",D337,"-",B337) -> 10-Nov-1993 | H337: =DATEDIF(G337,DATE(2023,6,8),"Y") -> 29 | I337: 0 | J337: 8471.65 | K337: =IF(L337="?","tier - 2",L337) -> tier - 2 | L337: tier - 2 | M337: =IF(N337="?","tier - 1",N337) -> tier - 1 | N337: tier - 1 | O337: =IF(P337="?","UNKNOWN",P337) -> R1012 | P337: R1012
A338: Id1296 | B338: =SUBSTITUTE(C338,"?",ROUNDUP(AVERAGEIF(C:C,"<>~?",C:C),0)) -> 1992 | C338: 1992 | D338: =SUBSTITUTE(E338,"?","sep") -> Sep | E338: Sep | F338: 9 | G338: =CONCATENATE(F338,"-",D338,"-",B338) -> 9-Sep-1992 | H338: =DATEDIF(G338,DATE(2023,6,8),"Y") -> 30 | I338: 0 | J338: 8466.35 | K338: =IF(L338="?","tier - 2",L338) -> tier - 2 | L338: tier - 2 | M338: =IF(N338="?","tier - 1",N338) -> tier - 2 | N338: tier - 2 | O338: =IF(P338="?","UNKNOWN",P338) -> R1012 | P338: R1012
A339: Id1297 | B339: =SUBSTITUTE(C339,"?",ROUNDUP(AVERAGEIF(C:C,"<>~?",C:C),0)) -> 1972 | C339: 1972 | D339: =SUBSTITUTE(E339,"?","sep") -> Dec | E339: Dec | F339: 26 | G339: =CONCATENATE(F339,"-",D339,"-",B339) -> 26-Dec-1972 | H339: =DATEDIF(G339,DATE(2023,6,8),"Y") -> 50 | I339: 0 | J339: 8457.82 | K339: =IF(L339="?","tier - 2",L339) -> tier - 2 | L339: tier - 2 | M339: =IF(N339="?","tier - 1",N339) -> tier - 3 | N339: tier - 3 | O339: =IF(P339="?","UNKNOWN",P339) -> R1011 | P339: R1011
A340: Id1298 | B340: =SUBSTITUTE(C340,"?",ROUNDUP(AVERAGEIF(C:C,"<>~?",C:C),0)) -> 1984 | C340: 1984 | D340: =SUBSTITUTE(E340,"?","sep") -> Jun | E340: Jun | F340: 19 | G340: =CONCATENATE(F340,"-",D340,"-",B340) -> 19-Jun-1984 | H340: =DATEDIF(G340,DATE(2023,6,8),"Y") -> 38 | I340: 3 | J340: 8450.82 | K340: =IF(L340="?","tier - 2",L340) -> tier - 2 | L340: tier - 2 | M340: =IF(N340="?","tier - 1",N340) -> tier - 2 | N340: tier - 2 | O340: =IF(P340="?","UNKNOWN",P340) -> R1025 | P340: R1025
A341: Id1299 | B341: =SUBSTITUTE(C341,"?",ROUNDUP(AVERAGEIF(C:C,"<>~?",C:C),0)) -> 1966 | C341: 1966 | D341: =SUBSTITUTE(E341,"?","sep") -> Jun | E341: Jun | F341: 12 | G341: =CONCATENATE(F341,"-",D341,"-",B341) -> 12-Jun-1966 | H341: =DATEDIF(G341,DATE(2023,6,8),"Y") -> 56 | I341: 0 | J341: 8448.66 | K341: =IF(L341="?","tier - 2",L341) -> tier - 3 | L341: tier - 3 | M341: =IF(N341="?","tier - 1",N341) -> tier - 1 | N341: tier - 1 | O341: =IF(P341="?","UNKNOWN",P341) -> R1013 | P341: R1013
A342: Id13 | B342: =SUBSTITUTE(C342,"?",ROUNDUP(AVERAGEIF(C:C,"<>~?",C:C),0)) -> 1962 | C342: 1962 | D342: =SUBSTITUTE(E342,"?","sep") -> Oct | E342: Oct | F342: 11 | G342: =CONCATENATE(F342,"-",D342,"-",B342) -> 11-Oct-1962 | H342: =DATEDIF(G342,DATE(2023,6,8),"Y") -> 60 | I342: 0 | J342: 48673.56 | K342: =IF(L342="?","tier - 2",L342) -> tier - 1 | L342: tier - 1 | M342: =IF(N342="?","tier - 1",N342) -> tier - 2 | N342: tier - 2 | O342: =IF(P342="?","UNKNOWN",P342) -> R1013 | P342: R1013
... A1492: Id2334 | B1492: =SUBSTITUTE(C1492,"?",ROUNDUP(AVERAGEIF(C:C,"<>~?",C:C),0)) -> 1992 | C1492: 1992 | D1492: =SUBSTITUTE(E1492,"?","sep") -> Nov | E1492: Nov | F1492: 30 | G1492: =CONCATENATE(F1492,"-",D1492,"-",B1492) -> 30-Nov-1992 | H1492: =DATEDIF(G1492,DATE(2023,6,8),"Y") -> 30 | I1492: 0 | J1492: 570.62 | K1492: =IF(L1492="?","tier - 2",L1492) -> tier - 2 | L1492: tier - 2 | M1492: =IF(N1492="?","tier - 1",N1492) -> tier - 1 | N1492: tier - 1 | O1492: =IF(P1492="?","UNKNOWN",P1492) -> R1013 | P1492: R1013
A1493: Id2335 | B1493: =SUBSTITUTE(C1493,"?",ROUNDUP(AVERAGEIF(C:C,"<>~?",C:C),0)) -> 1992 | C1493: 1992 | D1493: =SUBSTITUTE(E1493,"?","sep") -> Jul | E1493: Jul | F1493: 9 | G1493: =CONCATENATE(F1493,"-",D1493,"-",B1493) -> 9-Jul-1992 | H1493: =DATEDIF(G1493,DATE(2023,6,8),"Y") -> 30 | I1493: 0 | J1493: 563.84 | K1493: =IF(L1493="?","tier - 2",L1493) -> tier - 2 | L1493: tier - 2 | M1493: =IF(N1493="?","tier - 1",N1493) -> tier - 3 | N1493: tier - 3 | O1493: =IF(P1493="?","UNKNOWN",P1493) -> R1013 | P1493: R1013 | Q1493: =COUNTIF(A1492:P3835,"?") -> 1
A1494: Id234 | B1494: =SUBSTITUTE(C1494,"?",ROUNDUP(AVERAGEIF(C:C,"<>~?",C:C),0)) -> 1994 | C1494: 1994 | D1494: =SUBSTITUTE(E1494,"?","sep") -> Jul | E1494: Jul | F1494: 7 | G1494: =CONCATENATE(F1494,"-",D1494,"-",B1494) -> 7-Jul-1994 | H1494: =DATEDIF(G1494,DATE(2023,6,8),"Y") -> 28 | I1494: 0 | J1494: 34672.15 | K1494: =IF(L1494="?","tier - 2",L1494) -> tier - 1 | L1494: tier - 1 | M1494: =IF(N1494="?","tier - 1",N1494) -> tier - 3 | N1494: tier - 3 | O1494: =IF(P1494="?","UNKNOWN",P1494) -> R1013 | P1494: R1013
A1495: Id235 | B1495: =SUBSTITUTE(C1495,"?",ROUNDUP(AVERAGEIF(C:C,"<>~?",C:C),0)) -> 2004 | C1495: 2004 | D1495: =SUBSTITUTE(E1495,"?","sep") -> Oct | E1495: Oct | F1495: 9 | G1495: =CONCATENATE(F1495,"-",D1495,"-",B1495) -> 9-Oct-2004 | H1495: =DATEDIF(G1495,DATE(2023,6,8),"Y") -> 18 | I1495: 0 | J1495: 34617.84 | K1495: =IF(L1495="?","tier - 2",L1495) -> tier - 1 | L1495: tier - 1 | M1495: =IF(N1495="?","tier - 1",N1495) -> tier - 3 | N1495: tier - 3 | O1495: =IF(P1495="?","UNKNOWN",P1495) -> R1016 | P1495: R1016
A1496: Id236 | B1496: =SUBSTITUTE(C1496,"?",ROUNDUP(AVERAGEIF(C:C,"<>~?",C:C),0)) -> 1976 | C1496: 1976 | D1496: =SUBSTITUTE(E1496,"?","sep") -> Nov | E1496: Nov | F1496: 25 | G1496: =CONCATENATE(F1496,"-",D1496,"-",B1496) -> 25-Nov-1976 | H1496: =DATEDIF(G1496,DATE(2023,6,8),"Y") -> 46 | I1496: 2 | J1496: 34543.39 | K1496: =IF(L1496="?","tier - 2",L1496) -> tier - 2 | L1496: tier - 2 | M1496: =IF(N1496="?","tier - 1",N1496) -> tier - 3 | N1496: tier - 3 | O1496: =IF(P1496="?","UNKNOWN",P1496) -> R1011 | P1496: R1011
A1497: Id237 | B1497: =SUBSTITUTE(C1497,"?",ROUNDUP(AVERAGEIF(C:C,"<>~?",C:C),0)) -> 1998 | C1497: 1998 | D1497: =SUBSTITUTE(E1497,"?","sep") -> Jun | E1497: Jun | F1497: 24 | G1497: =CONCATENATE(F1497,"-",D1497,"-",B1497) -> 24-Jun-1998 | H1497: =DATEDIF(G1497,DATE(2023,6,8),"Y") -> 24 | I1497: 0 | J1497: 34472.84 | K1497: =IF(L1497="?","tier - 2",L1497) -> tier - 1 | L1497: tier - 1 | M1497: =IF(N1497="?","tier - 1",N1497) -> tier - 3 | N1497: tier - 3 | O1497: =IF(P1497="?","UNKNOWN",P1497) -> R1011 | P1497: R1011
A1498: Id238 | B1498: =SUBSTITUTE(C1498,"?",ROUNDUP(AVERAGEIF(C:C,"<>~?",C:C),0)) -> 1990 | C1498: 1990 | D1498: =SUBSTITUTE(E1498,"?","sep") -> Sep | E1498: Sep | F1498: 24 | G1498: =CONCATENATE(F1498,"-",D1498,"-",B1498) -> 24-Sep-1990 | H1498: =DATEDIF(G1498,DATE(2023,6,8),"Y") -> 32 | I1498: 3 | J1498: 34456.27 | K1498: =IF(L1498="?","tier - 2",L1498) -> tier - 1 | L1498: tier - 1 | M1498: =IF(N1498="?","tier - 1",N1498) -> tier - 2 | N1498: tier - 2 | O1498: =IF(P1498="?","UNKNOWN",P1498) -> R1011 | P1498: R1011
A1499: Id239 | B1499: =SUBSTITUTE(C1499,"?",ROUNDUP(AVERAGEIF(C:C,"<>~?",C:C),0)) -> 2003 | C1499: 2003 | D1499: =SUBSTITUTE(E1499,"?","sep") -> Oct | E1499: Oct | F1499: 5 | G1499: =CONCATENATE(F1499,"-",D1499,"-",B1499) -> 5-Oct-2003 | H1499: =DATEDIF(G1499,DATE(2023,6,8),"Y") -> 19 | I1499: 0 | J1499: 34439.86 | K1499: =IF(L1499="?","tier - 2",L1499) -> tier - 2 | L1499: tier - 2 | M1499: =IF(N1499="?","tier - 1",N1499) -> tier - 1 | N1499: tier - 1 | O1499: =IF(P1499="?","UNKNOWN",P1499) -> R1013 | P1499: R1013
A1500: Id24 | B1500: =SUBSTITUTE(C1500,"?",ROUNDUP(AVERAGEIF(C:C,"<>~?",C:C),0)) -> 1970 | C1500: 1970 | D1500: =SUBSTITUTE(E1500,"?","sep") -> Dec | E1500: Dec | F1500: 28 | G1500: =CONCATENATE(F1500,"-",D1500,"-",B1500) -> 28-Dec-1970 | H1500: =DATEDIF(G1500,DATE(2023,6,8),"Y") -> 52 | I1500: 2 | J1500: 47269.85 | K1500: =IF(L1500="?","tier - 2",L1500) -> tier - 1 | L1500: tier - 1 | M1500: =IF(N1500="?","tier - 1",N1500) -> tier - 2 | N1500: tier - 2 | O1500: =IF(P1500="?","UNKNOWN",P1500) -> R1013 | P1500: R1013
A1501: Id240 | B1501: =SUBSTITUTE(C1501,"?",ROUNDUP(AVERAGEIF(C:C,"<>~?",C:C),0)) -> 1984 | C1501: 1984 | D1501: =SUBSTITUTE(E1501,"?","sep") -> Oct | E1501: Oct | F1501: 1 | G1501: =CONCATENATE(F1501,"-",D1501,"-",B1501) -> 1-Oct-1984 | H1501: =DATEDIF(G1501,DATE(2023,6,8),"Y") -> 38 | I1501: 3 | J1501: 34402.22 | K1501: =IF(L1501="?","tier - 2",L1501) -> tier - 2 | L1501: tier - 2 | M1501: =IF(N1501="?","tier - 1",N1501) -> tier - 3 | N1501: tier - 3 | O1501: =IF(P1501="?","UNKNOWN",P1501) -> R1011 | P1501: R1011
A1502: Id241 | B1502: =SUBSTITUTE(C1502,"?",ROUNDUP(AVERAGEIF(C:C,"<>~?",C:C),0)) -> 1983 | C1502: 1983 | D1502: =SUBSTITUTE(E1502,"?","sep") -> Oct | E1502: Oct | F1502: 2 | G1502: =CONCATENATE(F1502,"-",D1502,"-",B1502) -> 2-Oct-1983 | H1502: =DATEDIF(G1502,DATE(2023,6,8),"Y") -> 39 | I1502: 3 | J1502: 34307.22 | K1502: =IF(L1502="?","tier - 2",L1502) -> tier - 2 | L1502: tier - 2 | M1502: =IF(N1502="?","tier - 1",N1502) -> tier - 2 | N1502: tier - 2 | O1502: =IF(P1502="?","UNKNOWN",P1502) -> R1012 | P1502: R1012
A1503: Id242 | B1503: =SUBSTITUTE(C1503,"?",ROUNDUP(AVERAGEIF(C:C,"<>~?",C:C),0)) -> 1986 | C1503: 1986 | D1503: =SUBSTITUTE(E1503,"?","sep") -> Oct | E1503: Oct | F1503: 11 | G1503: =CONCATENATE(F1503,"-",D1503,"-",B1503) -> 11-Oct-1986 | H1503: =DATEDIF(G1503,DATE(2023,6,8),"Y") -> 36 | I1503: 3 | J1503: 34293.12 | K1503: =IF(L1503="?","tier - 2",L1503) -> tier - 1 | L1503: tier - 1 | M1503: =IF(N1503="?","tier - 1",N1503) -> tier - 2 | N1503: tier - 2 | O1503: =IF(P1503="?","UNKNOWN",P1503) -> R1011 | P1503: R1011
A1504: Id243 | B1504: =SUBSTITUTE(C1504,"?",ROUNDUP(AVERAGEIF(C:C,"<>~?",C:C),0)) -> 1995 | C1504: 1995 | D1504: =SUBSTITUTE(E1504,"?","sep") -> Oct | E1504: Oct | F1504: 30 | G1504: =CONCATENATE(F1504,"-",D1504,"-",B1504) -> 30-Oct-1995 | H1504: =DATEDIF(G1504,DATE(2023,6,8),"Y") -> 27 | I1504: 0 | J1504: 34289.43 | K1504: =IF(L1504="?","tier - 2",L1504) -> tier - 1 | L1504: tier - 1 | M1504: =IF(N1504="?","tier - 1",N1504) -> tier - 1 | N1504: tier - 1 | O1504: =IF(P1504="?","UNKNOWN",P1504) -> R1011 | P1504: R1011
A1505: Id244 | B1505: =SUBSTITUTE(C1505,"?",ROUNDUP(AVERAGEIF(C:C,"<>~?",C:C),0)) -> 1998 | C1505: 1998 | D1505: =SUBSTITUTE(E1505,"?","sep") -> Jun | E1505: Jun | F1505: 11 | G1505: =CONCATENATE(F1505,"-",D1505,"-",B1505) -> 11-Jun-1998 | H1505: =DATEDIF(G1505,DATE(2023,6,8),"Y") -> 24 | I1505: 0 | J1505: 34254.05 | K1505: =IF(L1505="?","tier - 2",L1505) -> tier - 1 | L1505: tier - 1 | M1505: =IF(N1505="?","tier - 1",N1505) -> tier - 3 | N1505: tier - 3 | O1505: =IF(P1505="?","UNKNOWN",P1505) -> R1019 | P1505: R1019
... A2344: Id999 | B2344: =SUBSTITUTE(C2344,"?",ROUNDUP(AVERAGEIF(C:C,"<>~?",C:C),0)) -> 1969 | C2344: 1969 | D2344: =SUBSTITUTE(E2344,"?","sep") -> Aug | E2344: Aug | F2344: 20 | G2344: =CONCATENATE(F2344,"-",D2344,"-",B2344) -> 20-Aug-1969 | H2344: =DATEDIF(G2344,DATE(2023,6,8),"Y") -> 53 | I2344: 3 | J2344: 11253.42 | K2344: =IF(L2344="?","tier - 2",L2344) -> tier - 3 | L2344: tier - 3 | M2344: =IF(N2344="?","tier - 1",N2344) -> tier - 1 | N2344: tier - 1 | O2344: =IF(P2344="?","UNKNOWN",P2344) -> R1011 | P2344: R1011

Sheet Health Care
A1: Customer ID | B1: First Name | C1: BMI | D1: HBA1C | E1: Heart Issues | F1: Any Transplants | G1: Cancer history | H1: Number Of Major Surgeries | I1: Smoker | J1: Weight Status | K1: Diabetes Status | L1: Date of Birth | M1: Charges | N1: Hospital tier | O1: City tier | P1: State ID | Q1: Age
A2: ='Customer Names'!A2 -> Id1 | B2: =IFERROR(VLOOKUP($A2,'Customer Names'!$A:$F,3,FALSE),"") -> Hawks | C2: =IFERROR(VLOOKUP($A2,'Medical Examinations'!$A:$O,2,FALSE),"") -> 47.41 | D2: =IFERROR(VLOOKUP($A2,'Medical Examinations'!$A:$O,3,FALSE),"") -> 7.47 | E2: =IFERROR(VLOOKUP($A2,'Medical Examinations'!$A:$O,4,FALSE),"") -> No | F2: =IFERROR(VLOOKUP($A2,'Medical Examinations'!$A:$O,6,FALSE),"") -> No | G2: =IFERROR(VLOOKUP($A2,'Medical Examinations'!$A:$O,7,FALSE),"") -> No | H2: =IFERROR(VLOOKUP($A2,'Medical Examinations'!$A:$O,8,FALSE),"") -> 0 | I2: =IFERROR(VLOOKUP($A2,'Medical Examinations'!$A:$O,10,FALSE),"") -> Yes | J2: =IFERROR(VLOOKUP($A2,'Medical Examinations'!$A:$O,14,FALSE),"") -> Obesity | K2: =IFERROR(VLOOKUP($A2,'Medical Examinations'!$A:$O,15,FALSE),"") -> Diabetes | L2: =IFERROR(VLOOKUP($A2,'Hospitalisation Details'!$A:$Q,7,FALSE),"") -> 12-Oct-1968 | M2: =IFERROR(VLOOKUP($A2,'Hospitalisation Details'!$A:$Q,10,FALSE),"") -> 63770.43 | N2: =IFERROR(VLOOKUP($A2,'Hospitalisation Details'!$A:$Q,11,FALSE),"") -> tier - 1 | O2: =IFERROR(VLOOKUP($A2,'Hospitalisation Details'!$A:$Q,13,FALSE),"") -> tier - 3 | P2: =IFERROR(VLOOKUP($A2,'Hospitalisation Details'!$A:$Q,15,FALSE),"") -> R1013 | Q2: =IFERROR(VLOOKUP($A2,'Hospitalisation Details'!$A:$Q,8,FALSE),"") -> 54
A3: ='Customer Names'!A11 -> Id10 | B3: =IFERROR(VLOOKUP($A3,'Customer Names'!$A:$F,3,FALSE),"") -> Benner | C3: =IFERROR(VLOOKUP($A3,'Medical Examinations'!$A:$O,2,FALSE),"") -> 38.06 | D3: =IFERROR(VLOOKUP($A3,'Medical Examinations'!$A:$O,3,FALSE),"") -> 10.79 | E3: =IFERROR(VLOOKUP($A3,'Medical Examinations'!$A:$O,4,FALSE),"") -> No | F3: =IFERROR(VLOOKUP($A3,'Medical Examinations'!$A:$O,6,FALSE),"") -> No | G3: =IFERROR(VLOOKUP($A3,'Medical Examinations'!$A:$O,7,FALSE),"") -> No | H3: =IFERROR(VLOOKUP($A3,'Medical Examinations'!$A:$O,8,FALSE),"") -> 0 | I3: =IFERROR(VLOOKUP($A3,'Medical Examinations'!$A:$O,10,FALSE),"") -> Yes | J3: =IFERROR(VLOOKUP($A3,'Medical Examinations'!$A:$O,14,FALSE),"") -> Obesity | K3: =IFERROR(VLOOKUP($A3,'Medical Examinations'!$A:$O,15,FALSE),"") -> Diabetes | L3: =IFERROR(VLOOKUP($A3,'Hospitalisation Details'!$A:$Q,7,FALSE),"") -> 29-Dec-1978 | M3: =IFERROR(VLOOKUP($A3,'Hospitalisation Details'!$A:$Q,10,FALSE),"") -> 48885.14 | N3: =IFERROR(VLOOKUP($A3,'Hospitalisation Details'!$A:$Q,11,FALSE),"") -> tier - 1 | O3: =IFERROR(VLOOKUP($A3,'Hospitalisation Details'!$A:$Q,13,FALSE),"") -> tier - 2 | P3: =IFERROR(VLOOKUP($A3,'Hospitalisation Details'!$A:$Q,15,FALSE),"") -> R1013 | Q3: =IFERROR(VLOOKUP($A3,'Hospitalisation Details'!$A:$Q,8,FALSE),"") -> 44
A4: ='Customer Names'!A101 -> Id100 | B4: =IFERROR(VLOOKUP($A4,'Customer Names'!$A:$F,3,FALSE),"") -> Gollins | C4: =IFERROR(VLOOKUP($A4,'Medical Examinations'!$A:$O,2,FALSE),"") -> 48.2 | D4: =IFERROR(VLOOKUP($A4,'Medical Examinations'!$A:$O,3,FALSE),"") -> 4.84 | E4: =IFERROR(VLOOKUP($A4,'Medical Examinations'!$A:$O,4,FALSE),"") -> No | F4: =IFERROR(VLOOKUP($A4,'Medical Examinations'!$A:$O,6,FALSE),"") -> No | G4: =IFERROR(VLOOKUP($A4,'Medical Examinations'!$A:$O,7,FALSE),"") -> No | H4: =IFERROR(VLOOKUP($A4,'Medical Examinations'!$A:$O,8,FALSE),"") -> 0 | I4: =IFERROR(VLOOKUP($A4,'Medical Examinations'!$A:$O,10,FALSE),"") -> Yes | J4: =IFERROR(VLOOKUP($A4,'Medical Examinations'!$A:$O,14,FALSE),"") -> Obesity | K4: =IFERROR(VLOOKUP($A4,'Medical Examinations'!$A:$O,15,FALSE),"") -> Normal | L4: =IFERROR(VLOOKUP($A4,'Hospitalisation Details'!$A:$Q,7,FALSE),"") -> 27-Jun-1977 | M4: =IFERROR(VLOOKUP($A4,'Hospitalisation Details'!$A:$Q,10,FALSE),"") -> 40284.38 | N4: =IFERROR(VLOOKUP($A4,'Hospitalisation Details'!$A:$Q,11,FALSE),"") -> tier - 1 | O4: =IFERROR(VLOOKUP($A4,'Hospitalisation Details'!$A:$Q,13,FALSE),"") -> tier - 3 | P4: =IFERROR(VLOOKUP($A4,'Hospitalisation Details'!$A:$Q,15,FALSE),"") -> R1012 | Q4: =IFERROR(VLOOKUP($A4,'Hospitalisation Details'!$A:$Q,8,FALSE),"") -> 45
A5: ='Customer Names'!A1001 -> Id1000 | B5: =IFERROR(VLOOKUP($A5,'Customer Names'!$A:$F,3,FALSE),"") -> Schaefer | C5: =IFERROR(VLOOKUP($A5,'Medical Examinations'!$A:$O,2,FALSE),"") -> 39.17 | D5: =IFERROR(VLOOKUP($A5,'Medical Examinations'!$A:$O,3,FALSE),"") -> 4.15 | E5: =IFERROR(VLOOKUP($A5,'Medical Examinations'!$A:$O,4,FALSE),"") -> No | F5: =IFERROR(VLOOKUP($A5,'Medical Examinations'!$A:$O,6,FALSE),"") -> No | G5: =IFERROR(VLOOKUP($A5,'Medical Examinations'!$A:$O,7,FALSE),"") -> No | H5: =IFERROR(VLOOKUP($A5,'Medical Examinations'!$A:$O,8,FALSE),"") -> 0 | I5: =IFERROR(VLOOKUP($A5,'Medical Examinations'!$A:$O,10,FALSE),"") -> No | J5: =IFERROR(VLOOKUP($A5,'Medical Examinations'!$A:$O,14,FALSE),"") -> Obesity | K5: =IFERROR(VLOOKUP($A5,'Medical Examinations'!$A:$O,15,FALSE),"") -> Normal | L5: =IFERROR(VLOOKUP($A5,'Hospitalisation Details'!$A:$Q,7,FALSE),"") -> 17-Dec-1989 | M5: =IFERROR(VLOOKUP($A5,'Hospitalisation Details'!$A:$Q,10,FALSE),"") -> 11250.43 | N5: =IFERROR(VLOOKUP($A5,'Hospitalisation Details'!$A:$Q,11,FALSE),"") -> tier - 3 | O5: =IFERROR(VLOOKUP($A5,'Hospitalisation Details'!$A:$Q,13,FALSE),"") -> tier - 2 | P5: =IFERROR(VLOOKUP($A5,'Hospitalisation Details'!$A:$Q,15,FALSE),"") -> R1026 | Q5: =IFERROR(VLOOKUP($A5,'Hospitalisation Details'!$A:$Q,8,FALSE),"") -> 33
A6: ='Customer Names'!A1002 -> Id1001 | B6: =IFERROR(VLOOKUP($A6,'Customer Names'!$A:$F,3,FALSE),"") -> D'Alessandro | C6: =IFERROR(VLOOKUP($A6,'Medical Examinations'!$A:$O,2,FALSE),"") -> 26.41 | D6: =IFERROR(VLOOKUP($A6,'Medical Examinations'!$A:$O,3,FALSE),"") -> 5.99 | E6: =IFERROR(VLOOKUP($A6,'Medical Examinations'!$A:$O,4,FALSE),"") -> Yes | F6: =IFERROR(VLOOKUP($A6,'Medical Examinations'!$A:$O,6,FALSE),"") -> No | G6: =IFERROR(VLOOKUP($A6,'Medical Examinations'!$A:$O,7,FALSE),"") -> Yes | H6: =IFERROR(VLOOKUP($A6,'Medical Examinations'!$A:$O,8,FALSE),"") -> 1 | I6: =IFERROR(VLOOKUP($A6,'Medical Examinations'!$A:$O,10,FALSE),"") -> No | J6: =IFERROR(VLOOKUP($A6,'Medical Examinations'!$A:$O,14,FALSE),"") -> Over Weight | K6: =IFERROR(VLOOKUP($A6,'Medical Examinations'!$A:$O,15,FALSE),"") -> Prediabetes | L6: =IFERROR(VLOOKUP($A6,'Hospitalisation Details'!$A:$Q,7,FALSE),"") -> 30-Dec-1969 | M6: =IFERROR(VLOOKUP($A6,'Hospitalisation Details'!$A:$Q,10,FALSE),"") -> 11244.38 | N6: =IFERROR(VLOOKUP($A6,'Hospitalisation Details'!$A:$Q,11,FALSE),"") -> tier - 3 | O6: =IFERROR(VLOOKUP($A6,'Hospitalisation Details'!$A:$Q,13,FALSE),"") -> tier - 1 | P6: =IFERROR(VLOOKUP($A6,'Hospitalisation Details'!$A:$Q,15,FALSE),"") -> R1016 | Q6: =IFERROR(VLOOKUP($A6,'Hospitalisation Details'!$A:$Q,8,FALSE),"") -> 53
A7: ='Customer Names'!A1003 -> Id1002 | B7: =IFERROR(VLOOKUP($A7,'Customer Names'!$A:$F,3,FALSE),"") -> Wyss | C7: =IFERROR(VLOOKUP($A7,'Medical Examinations'!$A:$O,2,FALSE),"") -> 30.63 | D7: =IFERROR(VLOOKUP($A7,'Medical Examinations'!$A:$O,3,FALSE),"") -> 5.8 | E7: =IFERROR(VLOOKUP($A7,'Medical Examinations'!$A:$O,4,FALSE),"") -> Yes | F7: =IFERROR(VLOOKUP($A7,'Medical Examinations'!$A:$O,6,FALSE),"") -> No | G7: =IFERROR(VLOOKUP($A7,'Medical Examinations'!$A:$O,7,FALSE),"") -> No | H7: =IFERROR(VLOOKUP($A7,'Medical Examinations'!$A:$O,8,FALSE),"") -> 0 | I7: =IFERROR(VLOOKUP($A7,'Medical Examinations'!$A:$O,10,FALSE),"") -> No | J7: =IFERROR(VLOOKUP($A7,'Medical Examinations'!$A:$O,14,FALSE),"") -> Obesity | K7: =IFERROR(VLOOKUP($A7,'Medical Examinations'!$A:$O,15,FALSE),"") -> Prediabetes | L7: =IFERROR(VLOOKUP($A7,'Hospitalisation Details'!$A:$Q,7,FALSE),"") -> 28-Jun-1976 | M7: =IFERROR(VLOOKUP($A7,'Hospitalisation Details'!$A:$Q,10,FALSE),"") -> 11217.35 | N7: =IFERROR(VLOOKUP($A7,'Hospitalisation Details'!$A:$Q,11,FALSE),"") -> tier - 3 | O7: =IFERROR(VLOOKUP($A7,'Hospitalisation Details'!$A:$Q,13,FALSE),"") -> tier - 2 | P7: =IFERROR(VLOOKUP($A7,'Hospitalisation Details'!$A:$Q,15,FALSE),"") -> R1025 | Q7: =IFERROR(VLOOKUP($A7,'Hospitalisation Details'!$A:$Q,8,FALSE),"") -> 46
A8: ='Customer Names'!A1004 -> Id1003 | B8: =IFERROR(VLOOKUP($A8,'Customer Names'!$A:$F,3,FALSE),"") -> Rose | C8: =IFERROR(VLOOKUP($A8,'Medical Examinations'!$A:$O,2,FALSE),"") -> 31.73 | D8: =IFERROR(VLOOKUP($A8,'Medical Examinations'!$A:$O,3,FALSE),"") -> 7.32 | E8: =IFERROR(VLOOKUP($A8,'Medical Examinations'!$A:$O,4,FALSE),"") -> Yes | F8: =IFERROR(VLOOKUP($A8,'Medical Examinations'!$A:$O,6,FALSE),"") -> No | G8: =IFERROR(VLOOKUP($A8,'Medical Examinations'!$A:$O,7,FALSE),"") -> No | H8: =IFERROR(VLOOKUP($A8,'Medical Examinations'!$A:$O,8,FALSE),"") -> 2 | I8: =IFERROR(VLOOKUP($A8,'Medical Examinations'!$A:$O,10,FALSE),"") -> No | J8: =IFERROR(VLOOKUP($A8,'Medical Examinations'!$A:$O,14,FALSE),"") -> Obesity | K8: =IFERROR(VLOOKUP($A8,'Medical Examinations'!$A:$O,15,FALSE),"") -> Diabetes | L8: =IFERROR(VLOOKUP($A8,'Hospitalisation Details'!$A:$Q,7,FALSE),"") -> 14-Jun-1970 | M8: =IFERROR(VLOOKUP($A8,'Hospitalisation Details'!$A:$Q,10,FALSE),"") -> 11187.66 | N8: =IFERROR(VLOOKUP($A8,'Hospitalisation Details'!$A:$Q,11,FALSE),"") -> tier - 3 | O8: =IFERROR(VLOOKUP($A8,'Hospitalisation Details'!$A:$Q,13,FALSE),"") -> tier - 2 | P8: =IFERROR(VLOOKUP($A8,'Hospitalisation Details'!$A:$Q,15,FALSE),"") -> R1012 | Q8: =IFERROR(VLOOKUP($A8,'Hospitalisation Details'!$A:$Q,8,FALSE),"") -> 52
A9: ='Customer Names'!A1005 -> Id1004 | B9: =IFERROR(VLOOKUP($A9,'Customer Names'!$A:$F,3,FALSE),"") -> Hopper | C9: =IFERROR(VLOOKUP($A9,'Medical Examinations'!$A:$O,2,FALSE),"") -> 30.7 | D9: =IFERROR(VLOOKUP($A9,'Medical Examinations'!$A:$O,3,FALSE),"") -> 5.16 | E9: =IFERROR(VLOOKUP($A9,'Medical Examinations'!$A:$O,4,FALSE),"") -> No | F9: =IFERROR(VLOOKUP($A9,'Medical Examinations'!$A:$O,6,FALSE),"") -> No | G9: =IFERROR(VLOOKUP($A9,'Medical Examinations'!$A:$O,7,FALSE),"") -> No | H9: =IFERROR(VLOOKUP($A9,'Medical Examinations'!$A:$O,8,FALSE),"") -> 2 | I9: =IFERROR(VLOOKUP($A9,'Medical Examinations'!$A:$O,10,FALSE),"") -> No | J9: =IFERROR(VLOOKUP($A9,'Medical Examinations'!$A:$O,14,FALSE),"") -> Obesity | K9: =IFERROR(VLOOKUP($A9,'Medical Examinations'!$A:$O,15,FALSE),"") -> Normal | L9: =IFERROR(VLOOKUP($A9,'Hospitalisation Details'!$A:$Q,7,FALSE),"") -> 3-Sep-1972 | M9: =IFERROR(VLOOKUP($A9,'Hospitalisation Details'!$A:$Q,10,FALSE),"") -> 11186.2 | N9: =IFERROR(VLOOKUP($A9,'Hospitalisation Details'!$A:$Q,11,FALSE),"") -> tier - 3 | O9: =IFERROR(VLOOKUP($A9,'Hospitalisation Details'!$A:$Q,13,FALSE),"") -> tier - 2 | P9: =IFERROR(VLOOKUP($A9,'Hospitalisation Details'!$A:$Q,15,FALSE),"") -> R1021 | Q9: =IFERROR(VLOOKUP($A9,'Hospitalisation Details'!$A:$Q,8,FALSE),"") -> 50
A10: ='Customer Names'!A1006 -> Id1005 | B10: =IFERROR(VLOOKUP($A10,'Customer Names'!$A:$F,3,FALSE),"") -> Finneran | C10: =IFERROR(VLOOKUP($A10,'Medical Examinations'!$A:$O,2,FALSE),"") -> 25.935 | D10: =IFERROR(VLOOKUP($A10,'Medical Examinations'!$A:$O,3,FALSE),"") -> 5.96 | E10: =IFERROR(VLOOKUP($A10,'Medical Examinations'!$A:$O,4,FALSE),"") -> Yes | F10: =IFERROR(VLOOKUP($A10,'Medical Examinations'!$A:$O,6,FALSE),"") -> No | G10: =IFERROR(VLOOKUP($A10,'Medical Examinations'!$A:$O,7,FALSE),"") -> No | H10: =IFERROR(VLOOKUP($A10,'Medical Examinations'!$A:$O,8,FALSE),"") -> 2 | I10: =IFERROR(VLOOKUP($A10,'Medical Examinations'!$A:$O,10,FALSE),"") -> No | J10: =IFERROR(VLOOKUP($A10,'Medical Examinations'!$A:$O,14,FALSE),"") -> Over Weight | K10: =IFERROR(VLOOKUP($A10,'Medical Examinations'!$A:$O,15,FALSE),"") -> Prediabetes | L10: =IFERROR(VLOOKUP($A10,'Hospitalisation Details'!$A:$Q,7,FALSE),"") -> 6-Aug-1966 | M10: =IFERROR(VLOOKUP($A10,'Hospitalisation Details'!$A:$Q,10,FALSE),"") -> 11165.42 | N10: =IFERROR(VLOOKUP($A10,'Hospitalisation Details'!$A:$Q,11,FALSE),"") -> tier - 3 | O10: =IFERROR(VLOOKUP($A10,'Hospitalisation Details'!$A:$Q,13,FALSE),"") -> tier - 1 | P10: =IFERROR(VLOOKUP($A10,'Hospitalisation Details'!$A:$Q,15,FALSE),"") -> R1016 | Q10: =IFERROR(VLOOKUP($A10,'Hospitalisation Details'!$A:$Q,8,FALSE),"") -> 56
A11: ='Customer Names'!A1007 -> Id1006 | B11: =IFERROR(VLOOKUP($A11,'Customer Names'!$A:$F,3,FALSE),"") -> Basham | C11: =IFERROR(VLOOKUP($A11,'Medical Examinations'!$A:$O,2,FALSE),"") -> 35.9 | D11: =IFERROR(VLOOKUP($A11,'Medical Examinations'!$A:$O,3,FALSE),"") -> 4.85 | E11: =IFERROR(VLOOKUP($A11,'Medical Examinations'!$A:$O,4,FALSE),"") -> Yes | F11: =IFERROR(VLOOKUP($A11,'Medical Examinations'!$A:$O,6,FALSE),"") -> No | G11: =IFERROR(VLOOKUP($A11,'Medical Examinations'!$A:$O,7,FALSE),"") -> Yes | H11: =IFERROR(VLOOKUP($A11,'Medical Examinations'!$A:$O,8,FALSE),"") -> 1 | I11: =IFERROR(VLOOKUP($A11,'Medical Examinations'!$A:$O,10,FALSE),"") -> No | J11: =IFERROR(VLOOKUP($A11,'Medical Examinations'!$A:$O,14,FALSE),"") -> Obesity | K11: =IFERROR(VLOOKUP($A11,'Medical Examinations'!$A:$O,15,FALSE),"") -> Normal | L11: =IFERROR(VLOOKUP($A11,'Hospitalisation Details'!$A:$Q,7,FALSE),"") -> 25-Jun-1969 | M11: =IFERROR(VLOOKUP($A11,'Hospitalisation Details'!$A:$Q,10,FALSE),"") -> 11163.57 | N11: =IFERROR(VLOOKUP($A11,'Hospitalisation Details'!$A:$Q,11,FALSE),"") -> tier - 3 | O11: =IFERROR(VLOOKUP($A11,'Hospitalisation Details'!$A:$Q,13,FALSE),"") -> tier - 2 | P11: =IFERROR(VLOOKUP($A11,'Hospitalisation Details'!$A:$Q,15,FALSE),"") -> R1011 | Q11: =IFERROR(VLOOKUP($A11,'Hospitalisation Details'!$A:$Q,8,FALSE),"") -> 53
A12: ='Customer Names'!A1008 -> Id1007 | B12: =IFERROR(VLOOKUP($A12,'Customer Names'!$A:$F,3,FALSE),"") -> Inman | C12: =IFERROR(VLOOKUP($A12,'Medical Examinations'!$A:$O,2,FALSE),"") -> 26.7 | D12: =IFERROR(VLOOKUP($A12,'Medical Examinations'!$A:$O,3,FALSE),"") -> 5.09 | E12: =IFERROR(VLOOKUP($A12,'Medical Examinations'!$A:$O,4,FALSE),"") -> Yes | F12: =IFERROR(VLOOKUP($A12,'Medical Examinations'!$A:$O,6,FALSE),"") -> No | G12: =IFERROR(VLOOKUP($A12,'Medical Examinations'!$A:$O,7,FALSE),"") -> Yes | H12: =IFERROR(VLOOKUP($A12,'Medical Examinations'!$A:$O,8,FALSE),"") -> 1 | I12: =IFERROR(VLOOKUP($A12,'Medical Examinations'!$A:$O,10,FALSE),"") -> No | J12: =IFERROR(VLOOKUP($A12,'Medical Examinations'!$A:$O,14,FALSE),"") -> Over Weight | K12: =IFERROR(VLOOKUP($A12,'Medical Examinations'!$A:$O,15,FALSE),"") -> Normal | L12: =IFERROR(VLOOKUP($A12,'Hospitalisation Details'!$A:$Q,7,FALSE),"") -> 30-Nov-1969 | M12: =IFERROR(VLOOKUP($A12,'Hospitalisation Details'!$A:$Q,10,FALSE),"") -> 11150.78 | N12: =IFERROR(VLOOKUP($A12,'Hospitalisation Details'!$A:$Q,11,FALSE),"") -> tier - 3 | O12: =IFERROR(VLOOKUP($A12,'Hospitalisation Details'!$A:$Q,13,FALSE),"") -> tier - 2 | P12: =IFERROR(VLOOKUP($A12,'Hospitalisation Details'!$A:$Q,15,FALSE),"") -> R1011 | Q12: =IFERROR(VLOOKUP($A12,'Hospitalisation Details'!$A:$Q,8,FALSE),"") -> 53
A13: ='Customer Names'!A1009 -> Id1008 | B13: =IFERROR(VLOOKUP($A13,'Customer Names'!$A:$F,3,FALSE),"") -> Oscal | C13: =IFERROR(VLOOKUP($A13,'Medical Examinations'!$A:$O,2,FALSE),"") -> 33.71 | D13: =IFERROR(VLOOKUP($A13,'Medical Examinations'!$A:$O,3,FALSE),"") -> 4.94 | E13: =IFERROR(VLOOKUP($A13,'Medical Examinations'!$A:$O,4,FALSE),"") -> No | F13: =IFERROR(VLOOKUP($A13,'Medical Examinations'!$A:$O,6,FALSE),"") -> No | G13: =IFERROR(VLOOKUP($A13,'Medical Examinations'!$A:$O,7,FALSE),"") -> No | H13: =IFERROR(VLOOKUP($A13,'Medical Examinations'!$A:$O,8,FALSE),"") -> 0 | I13: =IFERROR(VLOOKUP($A13,'Medical Examinations'!$A:$O,10,FALSE),"") -> No | J13: =IFERROR(VLOOKUP($A13,'Medical Examinations'!$A:$O,14,FALSE),"") -> Obesity | K13: =IFERROR(VLOOKUP($A13,'Medical Examinations'!$A:$O,15,FALSE),"") -> Normal | L13: =IFERROR(VLOOKUP($A13,'Hospitalisation Details'!$A:$Q,7,FALSE),"") -> 20-Aug-1980 | M13: =IFERROR(VLOOKUP($A13,'Hospitalisation Details'!$A:$Q,10,FALSE),"") -> 11103.33 | N13: =IFERROR(VLOOKUP($A13,'Hospitalisation Details'!$A:$Q,11,FALSE),"") -> tier - 3 | O13: =IFERROR(VLOOKUP($A13,'Hospitalisation Details'!$A:$Q,13,FALSE),"") -> tier - 1 | P13: =IFERROR(VLOOKUP($A13,'Hospitalisation Details'!$A:$Q,15,FALSE),"") -> R1021 | Q13: =IFERROR(VLOOKUP($A13,'Hospitalisation Details'!$A:$Q,8,FALSE),"") -> 42
A14: ='Customer Names'!A1010 -> Id1009 | B14: =IFERROR(VLOOKUP($A14,'Customer Names'!$A:$F,3,FALSE),"") -> Craft | C14: =IFERROR(VLOOKUP($A14,'Medical Examinations'!$A:$O,2,FALSE),"") -> 41.91 | D14: =IFERROR(VLOOKUP($A14,'Medical Examinations'!$A:$O,3,FALSE),"") -> 4.92 | E14: =IFERROR(VLOOKUP($A14,'Medical Examinations'!$A:$O,4,FALSE),"") -> Yes | F14: =IFERROR(VLOOKUP($A14,'Medical Examinations'!$A:$O,6,FALSE),"") -> No | G14: =IFERROR(VLOOKUP($A14,'Medical Examinations'!$A:$O,7,FALSE),"") -> No | H14: =IFERROR(VLOOKUP($A14,'Medical Examinations'!$A:$O,8,FALSE),"") -> 2 | I14: =IFERROR(VLOOKUP($A14,'Medical Examinations'!$A:$O,10,FALSE),"") -> No | J14: =IFERROR(VLOOKUP($A14,'Medical Examinations'!$A:$O,14,FALSE),"") -> Obesity | K14: =IFERROR(VLOOKUP($A14,'Medical Examinations'!$A:$O,15,FALSE),"") -> Normal | L14: =IFERROR(VLOOKUP($A14,'Hospitalisation Details'!$A:$Q,7,FALSE),"") -> 5-Jul-1966 | M14: =IFERROR(VLOOKUP($A14,'Hospitalisation Details'!$A:$Q,10,FALSE),"") -> 11093.62 | N14: =IFERROR(VLOOKUP($A14,'Hospitalisation Details'!$A:$Q,11,FALSE),"") -> tier - 3 | O14: =IFERROR(VLOOKUP($A14,'Hospitalisation Details'!$A:$Q,13,FALSE),"") -> tier - 1 | P14: =IFERROR(VLOOKUP($A14,'Hospitalisation Details'!$A:$Q,15,FALSE),"") -> R1013 | Q14: =IFERROR(VLOOKUP($A14,'Hospitalisation Details'!$A:$Q,8,FALSE),"") -> 56
A15: ='Customer Names'!A102 -> Id101 | B15: =IFERROR(VLOOKUP($A15,'Customer Names'!$A:$F,3,FALSE),"") -> Benestad | C15: =IFERROR(VLOOKUP($A15,'Medical Examinations'!$A:$O,2,FALSE),"") -> 35.75 | D15: =IFERROR(VLOOKUP($A15,'Medical Examinations'!$A:$O,3,FALSE),"") -> 8 | E15: =IFERROR(VLOOKUP($A15,'Medical Examinations'!$A:$O,4,FALSE),"") -> Yes | F15: =IFERROR(VLOOKUP($A15,'Medical Examinations'!$A:$O,6,FALSE),"") -> No | G15: =IFERROR(VLOOKUP($A15,'Medical Examinations'!$A:$O,7,FALSE),"") -> No | H15: =IFERROR(VLOOKUP($A15,'Medical Examinations'!$A:$O,8,FALSE),"") -> 0 | I15: =IFERROR(VLOOKUP($A15,'Medical Examinations'!$A:$O,10,FALSE),"") -> Yes | J15: =IFERROR(VLOOKUP($A15,'Medical Examinations'!$A:$O,14,FALSE),"") -> Obesity | K15: =IFERROR(VLOOKUP($A15,'Medical Examinations'!$A:$O,15,FALSE),"") -> Diabetes | L15: =IFERROR(VLOOKUP($A15,'Hospitalisation Details'!$A:$Q,7,FALSE),"") -> 4-Oct-1981 | M15: =IFERROR(VLOOKUP($A15,'Hospitalisation Details'!$A:$Q,10,FALSE),"") -> 40273.65 | N15: =IFERROR(VLOOKUP($A15,'Hospitalisation Details'!$A:$Q,11,FALSE),"") -> tier - 1 | O15: =IFERROR(VLOOKUP($A15,'Hospitalisation Details'!$A:$Q,13,FALSE),"") -> tier - 3 | P15: =IFERROR(VLOOKUP($A15,'Hospitalisation Details'!$A:$Q,15,FALSE),"") -> R1013 | Q15: =IFERROR(VLOOKUP($A15,'Hospitalisation Details'!$A:$Q,8,FALSE),"") -> 41
A16: ='Customer Names'!A1011 -> Id1010 | B16: =IFERROR(VLOOKUP($A16,'Customer Names'!$A:$F,3,FALSE),"") -> Kebede | C16: =IFERROR(VLOOKUP($A16,'Medical Examinations'!$A:$O,2,FALSE),"") -> 39.82 | D16: =IFERROR(VLOOKUP($A16,'Medical Examinations'!$A:$O,3,FALSE),"") -> 6.05 | E16: =IFERROR(VLOOKUP($A16,'Medical Examinations'!$A:$O,4,FALSE),"") -> Yes | F16: =IFERROR(VLOOKUP($A16,'Medical Examinations'!$A:$O,6,FALSE),"") -> No | G16: =IFERROR(VLOOKUP($A16,'Medical Examinations'!$A:$O,7,FALSE),"") -> No | H16: =IFERROR(VLOOKUP($A16,'Medical Examinations'!$A:$O,8,FALSE),"") -> 2 | I16: =IFERROR(VLOOKUP($A16,'Medical Examinations'!$A:$O,10,FALSE),"") -> No | J16: =IFERROR(VLOOKUP($A16,'Medical Examinations'!$A:$O,14,FALSE),"") -> Obesity | K16: =IFERROR(VLOOKUP($A16,'Medical Examinations'!$A:$O,15,FALSE),"") -> Prediabetes | L16: =IFERROR(VLOOKUP($A16,'Hospitalisation Details'!$A:$Q,7,FALSE),"") -> 9-Sep-1966 | M16: =IFERROR(VLOOKUP($A16,'Hospitalisation Details'!$A:$Q,10,FALSE),"") -> 11090.72 | N16: =IFERROR(VLOOKUP($A16,'Hospitalisation Details'!$A:$Q,11,FALSE),"") -> tier - 3 | O16: =IFERROR(VLOOKUP($A16,'Hospitalisation Details'!$A:$Q,13,FALSE),"") -> tier - 1 | P16: =IFERROR(VLOOKUP($A16,'Hospitalisation Details'!$A:$Q,15,FALSE),"") -> R1013 | Q16: =IFERROR(VLOOKUP($A16,'Hospitalisation Details'!$A:$Q,8,FALSE),"") -> 56
A17: ='Customer Names'!A1012 -> Id1011 | B17: =IFERROR(VLOOKUP($A17,'Customer Names'!$A:$F,3,FALSE),"") -> Strobel | C17: =IFERROR(VLOOKUP($A17,'Medical Examinations'!$A:$O,2,FALSE),"") -> 28.12 | D17: =IFERROR(VLOOKUP($A17,'Medical Examinations'!$A:$O,3,FALSE),"") -> 4.67 | E17: =IFERROR(VLOOKUP($A17,'Medical Examinations'!$A:$O,4,FALSE),"") -> No | F17: =IFERROR(VLOOKUP($A17,'Medical Examinations'!$A:$O,6,FALSE),"") -> No | G17: =IFERROR(VLOOKUP($A17,'Medical Examinations'!$A:$O,7,FALSE),"") -> No | H17: =IFERROR(VLOOKUP($A17,'Medical Examinations'!$A:$O,8,FALSE),"") -> 2 | I17: =IFERROR(VLOOKUP($A17,'Medical Examinations'!$A:$O,10,FALSE),"") -> No | J17: =IFERROR(VLOOKUP($A17,'Medical Examinations'!$A:$O,14,FALSE),"") -> Over Weight | K17: =IFERROR(VLOOKUP($A17,'Medical Examinations'!$A:$O,15,FALSE),"") -> Normal | L17: =IFERROR(VLOOKUP($A17,'Hospitalisation Details'!$A:$Q,7,FALSE),"") -> 7-Oct-1972 | M17: =IFERROR(VLOOKUP($A17,'Hospitalisation Details'!$A:$Q,10,FALSE),"") -> 11085.59 | N17: =IFERROR(VLOOKUP($A17,'Hospitalisation Details'!$A:$Q,11,FALSE),"") -> tier - 3 | O17: =IFERROR(VLOOKUP($A17,'Hospitalisation Details'!$A:$Q,13,FALSE),"") -> tier - 2 | P17: =IFERROR(VLOOKUP($A17,'Hospitalisation Details'!$A:$Q,15,FALSE),"") -> R1012 | Q17: =IFERROR(VLOOKUP($A17,'Hospitalisation Details'!$A:$Q,8,FALSE),"") -> 50
A18: ='Customer Names'!A1013 -> Id1012 | B18: =IFERROR(VLOOKUP($A18,'Customer Names'!$A:$F,3,FALSE),"") -> Dalton | C18: =IFERROR(VLOOKUP($A18,'Medical Examinations'!$A:$O,2,FALSE),"") -> 26.98 | D18: =IFERROR(VLOOKUP($A18,'Medical Examinations'!$A:$O,3,FALSE),"") -> 9.81 | E18: =IFERROR(VLOOKUP($A18,'Medical Examinations'!$A:$O,4,FALSE),"") -> Yes | F18: =IFERROR(VLOOKUP($A18,'Medical Examinations'!$A:$O,6,FALSE),"") -> No | G18: =IFERROR(VLOOKUP($A18,'Medical Examinations'!$A:$O,7,FALSE),"") -> No | H18: =IFERROR(VLOOKUP($A18,'Medical Examinations'!$A:$O,8,FALSE),"") -> 0 | I18: =IFERROR(VLOOKUP($A18,'Medical Examinations'!$A:$O,10,FALSE),"") -> No | J18: =IFERROR(VLOOKUP($A18,'Medical Examinations'!$A:$O,14,FALSE),"") -> Over Weight | K18: =IFERROR(VLOOKUP($A18,'Medical Examinations'!$A:$O,15,FALSE),"") -> Diabetes | L18: =IFERROR(VLOOKUP($A18,'Hospitalisation Details'!$A:$Q,7,FALSE),"") -> 4-Sep-1967 | M18: =IFERROR(VLOOKUP($A18,'Hospitalisation Details'!$A:$Q,10,FALSE),"") -> 11082.58 | N18: =IFERROR(VLOOKUP($A18,'Hospitalisation Details'!$A:$Q,11,FALSE),"") -> tier - 3 | O18: =IFERROR(VLOOKUP($A18,'Hospitalisation Details'!$A:$Q,13,FALSE),"") -> tier - 2 | P18: =IFERROR(VLOOKUP($A18,'Hospitalisation Details'!$A:$Q,15,FALSE),"") -> R1012 | Q18: =IFERROR(VLOOKUP($A18,'Hospitalisation Details'!$A:$Q,8,FALSE),"") -> 55
A19: ='Customer Names'!A1014 -> Id1013 | B19: =IFERROR(VLOOKUP($A19,'Customer Names'!$A:$F,3,FALSE),"") -> Morimoto | C19: =IFERROR(VLOOKUP($A19,'Medical Examinations'!$A:$O,2,FALSE),"") -> 27.2 | D19: =IFERROR(VLOOKUP($A19,'Medical Examinations'!$A:$O,3,FALSE),"") -> 6.06 | E19: =IFERROR(VLOOKUP($A19,'Medical Examinations'!$A:$O,4,FALSE),"") -> Yes | F19: =IFERROR(VLOOKUP($A19,'Medical Examinations'!$A:$O,6,FALSE),"") -> No | G19: =IFERROR(VLOOKUP($A19,'Medical Examinations'!$A:$O,7,FALSE),"") -> No | H19: =IFERROR(VLOOKUP($A19,'Medical Examinations'!$A:$O,8,FALSE),"") -> 2 | I19: =IFERROR(VLOOKUP($A19,'Medical Examinations'!$A:$O,10,FALSE),"") -> No | J19: =IFERROR(VLOOKUP($A19,'Medical Examinations'!$A:$O,14,FALSE),"") -> Over Weight | K19: =IFERROR(VLOOKUP($A19,'Medical Examinations'!$A:$O,15,FALSE),"") -> Prediabetes | L19: =IFERROR(VLOOKUP($A19,'Hospitalisation Details'!$A:$Q,7,FALSE),"") -> 20-Nov-1966 | M19: =IFERROR(VLOOKUP($A19,'Hospitalisation Details'!$A:$Q,10,FALSE),"") -> 11073.18 | N19: =IFERROR(VLOOKUP($A19,'Hospitalisation Details'!$A:$Q,11,FALSE),"") -> tier - 3 | O19: =IFERROR(VLOOKUP($A19,'Hospitalisation Details'!$A:$Q,13,FALSE),"") -> tier - 3 | P19: =IFERROR(VLOOKUP($A19,'Hospitalisation Details'!$A:$Q,15,FALSE),"") -> R1011 | Q19: =IFERROR(VLOOKUP($A19,'Hospitalisation Details'!$A:$Q,8,FALSE),"") -> 56
A20: ='Customer Names'!A1015 -> Id1014 | B20: =IFERROR(VLOOKUP($A20,'Customer Names'!$A:$F,3,FALSE),"") -> Manlove | C20: =IFERROR(VLOOKUP($A20,'Medical Examinations'!$A:$O,2,FALSE),"") -> 25.3 | D20: =IFERROR(VLOOKUP($A20,'Medical Examinations'!$A:$O,3,FALSE),"") -> 5.19 | E20: =IFERROR(VLOOKUP($A20,'Medical Examinations'!$A:$O,4,FALSE),"") -> Yes | F20: =IFERROR(VLOOKUP($A20,'Medical Examinations'!$A:$O,6,FALSE),"") -> No | G20: =IFERROR(VLOOKUP($A20,'Medical Examinations'!$A:$O,7,FALSE),"") -> No | H20: =IFERROR(VLOOKUP($A20,'Medical Examinations'!$A:$O,8,FALSE),"") -> 2 | I20: =IFERROR(VLOOKUP($A20,'Medical Examinations'!$A:$O,10,FALSE),"") -> No | J20: =IFERROR(VLOOKUP($A20,'Medical Examinations'!$A:$O,14,FALSE),"") -> Over Weight | K20: =IFERROR(VLOOKUP($A20,'Medical Examinations'!$A:$O,15,FALSE),"") -> Normal | L20: =IFERROR(VLOOKUP($A20,'Hospitalisation Details'!$A:$Q,7,FALSE),"") -> 7-Nov-1966 | M20: =IFERROR(VLOOKUP($A20,'Hospitalisation Details'!$A:$Q,10,FALSE),"") -> 11070.54 | N20: =IFERROR(VLOOKUP($A20,'Hospitalisation Details'!$A:$Q,11,FALSE),"") -> tier - 3 | O20: =IFERROR(VLOOKUP($A20,'Hospitalisation Details'!$A:$Q,13,FALSE),"") -> tier - 3 | P20: =IFERROR(VLOOKUP($A20,'Hospitalisation Details'!$A:$Q,15,FALSE),"") -> R1011 | Q20: =IFERROR(VLOOKUP($A20,'Hospitalisation Details'!$A:$Q,8,FALSE),"") -> 56
A21: ='Customer Names'!A1016 -> Id1015 | B21: =IFERROR(VLOOKUP($A21,'Customer Names'!$A:$F,3,FALSE),"") -> Madzik | C21: =IFERROR(VLOOKUP($A21,'Medical Examinations'!$A:$O,2,FALSE),"") -> 30.25 | D21: =IFERROR(VLOOKUP($A21,'Medical Examinations'!$A:$O,3,FALSE),"") -> 10.16 | E21: =IFERROR(VLOOKUP($A21,'Medical Examinations'!$A:$O,4,FALSE),"") -> No | F21: =IFERROR(VLOOKUP($A21,'Medical Examinations'!$A:$O,6,FALSE),"") -> No | G21: =IFERROR(VLOOKUP($A21,'Medical Examinations'!$A:$O,7,FALSE),"") -> No | H21: =IFERROR(VLOOKUP($A21,'Medical Examinations'!$A:$O,8,FALSE),"") -> 0 | I21: =IFERROR(VLOOKUP($A21,'Medical Examinations'!$A:$O,10,FALSE),"") -> No | J21: =IFERROR(VLOOKUP($A21,'Medical Examinations'!$A:$O,14,FALSE),"") -> Obesity | K21: =IFERROR(VLOOKUP($A21,'Medical Examinations'!$A:$O,15,FALSE),"") -> Diabetes | L21: =IFERROR(VLOOKUP($A21,'Hospitalisation Details'!$A:$Q,7,FALSE),"") -> 9-Nov-1971 | M21: =IFERROR(VLOOKUP($A21,'Hospitalisation Details'!$A:$Q,10,FALSE),"") -> 11068.77 | N21: =IFERROR(VLOOKUP($A21,'Hospitalisation Details'!$A:$Q,11,FALSE),"") -> tier - 3 | O21: =IFERROR(VLOOKUP($A21,'Hospitalisation Details'!$A:$Q,13,FALSE),"") -> tier - 2 | P21: =IFERROR(VLOOKUP($A21,'Hospitalisation Details'!$A:$Q,15,FALSE),"") -> R1012 | Q21: =IFERROR(VLOOKUP($A21,'Hospitalisation Details'!$A:$Q,8,FALSE),"") -> 51
A22: ='Customer Names'!A1017 -> Id1016 | B22: =IFERROR(VLOOKUP($A22,'Customer Names'!$A:$F,3,FALSE),"") -> Hobson | C22: =IFERROR(VLOOKUP($A22,'Medical Examinations'!$A:$O,2,FALSE),"") -> 54 | D22: =IFERROR(VLOOKUP($A22,'Medical Examinations'!$A:$O,3,FALSE),"") -> 4.68 | E22: =IFERROR(VLOOKUP($A22,'Medical Examinations'!$A:$O,4,FALSE),"") -> Yes | F22: =IFERROR(VLOOKUP($A22,'Medical Examinations'!$A:$O,6,FALSE),"") -> yes | G22: =IFERROR(VLOOKUP($A22,'Medical Examinations'!$A:$O,7,FALSE),"") -> No | H22: =IFERROR(VLOOKUP($A22,'Medical Examinations'!$A:$O,8,FALSE),"") -> 2 | I22: =IFERROR(VLOOKUP($A22,'Medical Examinations'!$A:$O,10,FALSE),"") -> No | J22: =IFERROR(VLOOKUP($A22,'Medical Examinations'!$A:$O,14,FALSE),"") -> Obesity | K22: =IFERROR(VLOOKUP($A22,'Medical Examinations'!$A:$O,15,FALSE),"") -> Normal | L22: =IFERROR(VLOOKUP($A22,'Hospitalisation Details'!$A:$Q,7,FALSE),"") -> 18-Sep-2000 | M22: =IFERROR(VLOOKUP($A22,'Hospitalisation Details'!$A:$Q,10,FALSE),"") -> 11068.7 | N22: =IFERROR(VLOOKUP($A22,'Hospitalisation Details'!$A:$Q,11,FALSE),"") -> tier - 3 | O22: =IFERROR(VLOOKUP($A22,'Hospitalisation Details'!$A:$Q,13,FALSE),"") -> tier - 1 | P22: =IFERROR(VLOOKUP($A22,'Hospitalisation Details'!$A:$Q,15,FALSE),"") -> R1011 | Q22: =IFERROR(VLOOKUP($A22,'Hospitalisation Details'!$A:$Q,8,FALSE),"") -> 22
A23: ='Customer Names'!A1018 -> Id1017 | B23: =IFERROR(VLOOKUP($A23,'Customer Names'!$A:$F,3,FALSE),"") -> Reyes | C23: =IFERROR(VLOOKUP($A23,'Medical Examinations'!$A:$O,2,FALSE),"") -> 51.86 | D23: =IFERROR(VLOOKUP($A23,'Medical Examinations'!$A:$O,3,FALSE),"") -> 5.32 | E23: =IFERROR(VLOOKUP($A23,'Medical Examinations'!$A:$O,4,FALSE),"") -> Yes | F23: =IFERROR(VLOOKUP($A23,'Medical Examinations'!$A:$O,6,FALSE),"") -> No | G23: =IFERROR(VLOOKUP($A23,'Medical Examinations'!$A:$O,7,FALSE),"") -> No | H23: =IFERROR(VLOOKUP($A23,'Medical Examinations'!$A:$O,8,FALSE),"") -> 0 | I23: =IFERROR(VLOOKUP($A23,'Medical Examinations'!$A:$O,10,FALSE),"") -> No | J23: =IFERROR(VLOOKUP($A23,'Medical Examinations'!$A:$O,14,FALSE),"") -> Obesity | K23: =IFERROR(VLOOKUP($A23,'Medical Examinations'!$A:$O,15,FALSE),"") -> Normal | L23: =IFERROR(VLOOKUP($A23,'Hospitalisation Details'!$A:$Q,7,FALSE),"") -> 17-Dec-2001 | M23: =IFERROR(VLOOKUP($A23,'Hospitalisation Details'!$A:$Q,10,FALSE),"") -> 11046.02 | N23: =IFERROR(VLOOKUP($A23,'Hospitalisation Details'!$A:$Q,11,FALSE),"") -> tier - 3 | O23: =IFERROR(VLOOKUP($A23,'Hospitalisation Details'!$A:$Q,13,FALSE),"") -> tier - 1 | P23: =IFERROR(VLOOKUP($A23,'Hospitalisation Details'!$A:$Q,15,FALSE),"") -> R1026 | Q23: =IFERROR(VLOOKUP($A23,'Hospitalisation Details'!$A:$Q,8,FALSE),"") -> 21
A24: ='Customer Names'!A1019 -> Id1018 | B24: =IFERROR(VLOOKUP($A24,'Customer Names'!$A:$F,3,FALSE),"") -> Tierney | C24: =IFERROR(VLOOKUP($A24,'Medical Examinations'!$A:$O,2,FALSE),"") -> 31.39 | D24: =IFERROR(VLOOKUP($A24,'Medical Examinations'!$A:$O,3,FALSE),"") -> 6.99 | E24: =IFERROR(VLOOKUP($A24,'Medical Examinations'!$A:$O,4,FALSE),"") -> No | F24: =IFERROR(VLOOKUP($A24,'Medical Examinations'!$A:$O,6,FALSE),"") -> No | G24: =IFERROR(VLOOKUP($A24,'Medical Examinations'!$A:$O,7,FALSE),"") -> No | H24: =IFERROR(VLOOKUP($A24,'Medical Examinations'!$A:$O,8,FALSE),"") -> 0 | I24: =IFERROR(VLOOKUP($A24,'Medical Examinations'!$A:$O,10,FALSE),"") -> No | J24: =IFERROR(VLOOKUP($A24,'Medical Examinations'!$A:$O,14,FALSE),"") -> Obesity | K24: =IFERROR(VLOOKUP($A24,'Medical Examinations'!$A:$O,15,FALSE),"") -> Diabetes | L24: =IFERROR(VLOOKUP($A24,'Hospitalisation Details'!$A:$Q,7,FALSE),"") -> 30-Aug-1974 | M24: =IFERROR(VLOOKUP($A24,'Hospitalisation Details'!$A:$Q,10,FALSE),"") -> 11037.85 | N24: =IFERROR(VLOOKUP($A24,'Hospitalisation Details'!$A:$Q,11,FALSE),"") -> tier - 3 | O24: =IFERROR(VLOOKUP($A24,'Hospitalisation Details'!$A:$Q,13,FALSE),"") -> tier - 2 | P24: =IFERROR(VLOOKUP($A24,'Hospitalisation Details'!$A:$Q,15,FALSE),"") -> R1025 | Q24: =IFERROR(VLOOKUP($A24,'Hospitalisation Details'!$A:$Q,8,FALSE),"") -> 48
A25: ='Customer Names'!A1020 -> Id1019 | B25: =IFERROR(VLOOKUP($A25,'Customer Names'!$A:$F,3,FALSE),"") -> Gabris | C25: =IFERROR(VLOOKUP($A25,'Medical Examinations'!$A:$O,2,FALSE),"") -> 39.97 | D25: =IFERROR(VLOOKUP($A25,'Medical Examinations'!$A:$O,3,FALSE),"") -> 5.55 | E25: =IFERROR(VLOOKUP($A25,'Medical Examinations'!$A:$O,4,FALSE),"") -> No | F25: =IFERROR(VLOOKUP($A25,'Medical Examinations'!$A:$O,6,FALSE),"") -> No | G25: =IFERROR(VLOOKUP($A25,'Medical Examinations'!$A:$O,7,FALSE),"") -> No | H25: =IFERROR(VLOOKUP($A25,'Medical Examinations'!$A:$O,8,FALSE),"") -> 0 | I25: =IFERROR(VLOOKUP($A25,'Medical Examinations'!$A:$O,10,FALSE),"") -> No | J25: =IFERROR(VLOOKUP($A25,'Medical Examinations'!$A:$O,14,FALSE),"") -> Obesity | K25: =IFERROR(VLOOKUP($A25,'Medical Examinations'!$A:$O,15,FALSE),"") -> Normal | L25: =IFERROR(VLOOKUP($A25,'Hospitalisation Details'!$A:$Q,7,FALSE),"") -> 25-Oct-1989 | M25: =IFERROR(VLOOKUP($A25,'Hospitalisation Details'!$A:$Q,10,FALSE),"") -> 11037.51 | N25: =IFERROR(VLOOKUP($A25,'Hospitalisation Details'!$A:$Q,11,FALSE),"") -> tier - 3 | O25: =IFERROR(VLOOKUP($A25,'Hospitalisation Details'!$A:$Q,13,FALSE),"") -> tier - 1 | P25: =IFERROR(VLOOKUP($A25,'Hospitalisation Details'!$A:$Q,15,FALSE),"") -> R1012 | Q25: =IFERROR(VLOOKUP($A25,'Hospitalisation Details'!$A:$Q,8,FALSE),"") -> 33
A26: ='Customer Names'!A103 -> Id102 | B26: =IFERROR(VLOOKUP($A26,'Customer Names'!$A:$F,3,FALSE),"") -> Aviv | C26: =IFERROR(VLOOKUP($A26,'Medical Examinations'!$A:$O,2,FALSE),"") -> 53.81 | D26: =IFERROR(VLOOKUP($A26,'Medical Examinations'!$A:$O,3,FALSE),"") -> 8.77 | E26: =IFERROR(VLOOKUP($A26,'Medical Examinations'!$A:$O,4,FALSE),"") -> Yes | F26: =IFERROR(VLOOKUP($A26,'Medical Examinations'!$A:$O,6,FALSE),"") -> No | G26: =IFERROR(VLOOKUP($A26,'Medical Examinations'!$A:$O,7,FALSE),"") -> No | H26: =IFERROR(VLOOKUP($A26,'Medical Examinations'!$A:$O,8,FALSE),"") -> 0 | I26: =IFERROR(VLOOKUP($A26,'Medical Examinations'!$A:$O,10,FALSE),"") -> Yes | J26: =IFERROR(VLOOKUP($A26,'Medical Examinations'!$A:$O,14,FALSE),"") -> Obesity | K26: =IFERROR(VLOOKUP($A26,'Medical Examinations'!$A:$O,15,FALSE),"") -> Diabetes | L26: =IFERROR(VLOOKUP($A26,'Hospitalisation Details'!$A:$Q,7,FALSE),"") -> 28-Jul-1981 | M26: =IFERROR(VLOOKUP($A26,'Hospitalisation Details'!$A:$Q,10,FALSE),"") -> 40208.56 | N26: =IFERROR(VLOOKUP($A26,'Hospitalisation Details'!$A:$Q,11,FALSE),"") -> tier - 1 | O26: =IFERROR(VLOOKUP($A26,'Hospitalisation Details'!$A:$Q,13,FALSE),"") -> tier - 2 | P26: =IFERROR(VLOOKUP($A26,'Hospitalisation Details'!$A:$Q,15,FALSE),"") -> R1011 | Q26: =IFERROR(VLOOKUP($A26,'Hospitalisation Details'!$A:$Q,8,FALSE),"") -> 41
A27: ='Customer Names'!A1021 -> Id1020 | B27: =IFERROR(VLOOKUP($A27,'Customer Names'!$A:$F,3,FALSE),"") -> Howard | C27: =IFERROR(VLOOKUP($A27,'Medical Examinations'!$A:$O,2,FALSE),"") -> 41.23 | D27: =IFERROR(VLOOKUP($A27,'Medical Examinations'!$A:$O,3,FALSE),"") -> 6.94 | E27: =IFERROR(VLOOKUP($A27,'Medical Examinations'!$A:$O,4,FALSE),"") -> No | F27: =IFERROR(VLOOKUP($A27,'Medical Examinations'!$A:$O,6,FALSE),"") -> No | G27: =IFERROR(VLOOKUP($A27,'Medical Examinations'!$A:$O,7,FALSE),"") -> No | H27: =IFERROR(VLOOKUP($A27,'Medical Examinations'!$A:$O,8,FALSE),"") -> 0 | I27: =IFERROR(VLOOKUP($A27,'Medical Examinations'!$A:$O,10,FALSE),"") -> No | J27: =IFERROR(VLOOKUP($A27,'Medical Examinations'!$A:$O,14,FALSE),"") -> Obesity | K27: =IFERROR(VLOOKUP($A27,'Medical Examinations'!$A:$O,15,FALSE),"") -> Diabetes | L27: =IFERROR(VLOOKUP($A27,'Hospitalisation Details'!$A:$Q,7,FALSE),"") -> 10-Dec-1974 | M27: =IFERROR(VLOOKUP($A27,'Hospitalisation Details'!$A:$Q,10,FALSE),"") -> 11033.66 | N27: =IFERROR(VLOOKUP($A27,'Hospitalisation Details'!$A:$Q,11,FALSE),"") -> tier - 3 | O27: =IFERROR(VLOOKUP($A27,'Hospitalisation Details'!$A:$Q,13,FALSE),"") -> tier - 3 | P27: =IFERROR(VLOOKUP($A27,'Hospitalisation Details'!$A:$Q,15,FALSE),"") -> R1012 | Q27: =IFERROR(VLOOKUP($A27,'Hospitalisation Details'!$A:$Q,8,FALSE),"") -> 48
A28: ='Customer Names'!A1022 -> Id1021 | B28: =IFERROR(VLOOKUP($A28,'Customer Names'!$A:$F,3,FALSE),"") -> Kallay | C28: =IFERROR(VLOOKUP($A28,'Medical Examinations'!$A:$O,2,FALSE),"") -> 49.45 | D28: =IFERROR(VLOOKUP($A28,'Medical Examinations'!$A:$O,3,FALSE),"") -> 4.2 | E28: =IFERROR(VLOOKUP($A28,'Medical Examinations'!$A:$O,4,FALSE),"") -> Yes | F28: =IFERROR(VLOOKUP($A28,'Medical Examinations'!$A:$O,6,FALSE),"") -> No | G28: =IFERROR(VLOOKUP($A28,'Medical Examinations'!$A:$O,7,FALSE),"") -> No | H28: =IFERROR(VLOOKUP($A28,'Medical Examinations'!$A:$O,8,FALSE),"") -> 0 | I28: =IFERROR(VLOOKUP($A28,'Medical Examinations'!$A:$O,10,FALSE),"") -> No | J28: =IFERROR(VLOOKUP($A28,'Medical Examinations'!$A:$O,14,FALSE),"") -> Obesity | K28: =IFERROR(VLOOKUP($A28,'Medical Examinations'!$A:$O,15,FALSE),"") -> Normal | L28: =IFERROR(VLOOKUP($A28,'Hospitalisation Details'!$A:$Q,7,FALSE),"") -> 21-Jul-1996 | M28: =IFERROR(VLOOKUP($A28,'Hospitalisation Details'!$A:$Q,10,FALSE),"") -> 11028.56 | N28: =IFERROR(VLOOKUP($A28,'Hospitalisation Details'!$A:$Q,11,FALSE),"") -> tier - 3 | O28: =IFERROR(VLOOKUP($A28,'Hospitalisation Details'!$A:$Q,13,FALSE),"") -> tier - 3 | P28: =IFERROR(VLOOKUP($A28,'Hospitalisation Details'!$A:$Q,15,FALSE),"") -> R1012 | Q28: =IFERROR(VLOOKUP($A28,'Hospitalisation Details'!$A:$Q,8,FALSE),"") -> 26
A29: ='Customer Names'!A1023 -> Id1022 | B29: =IFERROR(VLOOKUP($A29,'Customer Names'!$A:$F,3,FALSE),"") -> Leguizamo | C29: =IFERROR(VLOOKUP($A29,'Medical Examinations'!$A:$O,2,FALSE),"") -> 41.04 | D29: =IFERROR(VLOOKUP($A29,'Medical Examinations'!$A:$O,3,FALSE),"") -> 5.59 | E29: =IFERROR(VLOOKUP($A29,'Medical Examinations'!$A:$O,4,FALSE),"") -> No | F29: =IFERROR(VLOOKUP($A29,'Medical Examinations'!$A:$O,6,FALSE),"") -> No | G29: =IFERROR(VLOOKUP($A29,'Medical Examinations'!$A:$O,7,FALSE),"") -> No | H29: =IFERROR(VLOOKUP($A29,'Medical Examinations'!$A:$O,8,FALSE),"") -> 0 | I29: =IFERROR(VLOOKUP($A29,'Medical Examinations'!$A:$O,10,FALSE),"") -> No | J29: =IFERROR(VLOOKUP($A29,'Medical Examinations'!$A:$O,14,FALSE),"") -> Obesity | K29: =IFERROR(VLOOKUP($A29,'Medical Examinations'!$A:$O,15,FALSE),"") -> Normal | L29: =IFERROR(VLOOKUP($A29,'Hospitalisation Details'!$A:$Q,7,FALSE),"") -> 26-Jun-1991 | M29: =IFERROR(VLOOKUP($A29,'Hospitalisation Details'!$A:$Q,10,FALSE),"") -> 11018.05 | N29: =IFERROR(VLOOKUP($A29,'Hospitalisation Details'!$A:$Q,11,FALSE),"") -> tier - 3 | O29: =IFERROR(VLOOKUP($A29,'Hospitalisation Details'!$A:$Q,13,FALSE),"") -> tier - 2 | P29: =IFERROR(VLOOKUP($A29,'Hospitalisation Details'!$A:$Q,15,FALSE),"") -> R1012 | Q29: =IFERROR(VLOOKUP($A29,'Hospitalisation Details'!$A:$Q,8,FALSE),"") -> 31
A30: ='Customer Names'!A1024 -> Id1023 | B30: =IFERROR(VLOOKUP($A30,'Customer Names'!$A:$F,3,FALSE),"") -> Escartin | C30: =IFERROR(VLOOKUP($A30,'Medical Examinations'!$A:$O,2,FALSE),"") -> 27.93 | D30: =IFERROR(VLOOKUP($A30,'Medical Examinations'!$A:$O,3,FALSE),"") -> 9.96 | E30: =IFERROR(VLOOKUP($A30,'Medical Examinations'!$A:$O,4,FALSE),"") -> No | F30: =IFERROR(VLOOKUP($A30,'Medical Examinations'!$A:$O,6,FALSE),"") -> No | G30: =IFERROR(VLOOKUP($A30,'Medical Examinations'!$A:$O,7,FALSE),"") -> No | H30: =IFERROR(VLOOKUP($A30,'Medical Examinations'!$A:$O,8,FALSE),"") -> 0 | I30: =IFERROR(VLOOKUP($A30,'Medical Examinations'!$A:$O,10,FALSE),"") -> No | J30: =IFERROR(VLOOKUP($A30,'Medical Examinations'!$A:$O,14,FALSE),"") -> Over Weight | K30: =IFERROR(VLOOKUP($A30,'Medical Examinations'!$A:$O,15,FALSE),"") -> Diabetes | L30: =IFERROR(VLOOKUP($A30,'Hospitalisation Details'!$A:$Q,7,FALSE),"") -> 15-Dec-1974 | M30: =IFERROR(VLOOKUP($A30,'Hospitalisation Details'!$A:$Q,10,FALSE),"") -> 11015.17 | N30: =IFERROR(VLOOKUP($A30,'Hospitalisation Details'!$A:$Q,11,FALSE),"") -> tier - 3 | O30: =IFERROR(VLOOKUP($A30,'Hospitalisation Details'!$A:$Q,13,FALSE),"") -> tier - 1 | P30: =IFERROR(VLOOKUP($A30,'Hospitalisation Details'!$A:$Q,15,FALSE),"") -> R1012 | Q30: =IFERROR(VLOOKUP($A30,'Hospitalisation Details'!$A:$Q,8,FALSE),"") -> 48
A31: ='Customer Names'!A1025 -> Id1024 | B31: =IFERROR(VLOOKUP($A31,'Customer Names'!$A:$F,3,FALSE),"") -> Chorey | C31: =IFERROR(VLOOKUP($A31,'Medical Examinations'!$A:$O,2,FALSE),"") -> 21.01 | D31: =IFERROR(VLOOKUP($A31,'Medical Examinations'!$A:$O,3,FALSE),"") -> 7.37 | E31: =IFERROR(VLOOKUP($A31,'Medical Examinations'!$A:$O,4,FALSE),"") -> No | F31: =IFERROR(VLOOKUP($A31,'Medical Examinations'!$A:$O,6,FALSE),"") -> No | G31: =IFERROR(VLOOKUP($A31,'Medical Examinations'!$A:$O,7,FALSE),"") -> No | H31: =IFERROR(VLOOKUP($A31,'Medical Examinations'!$A:$O,8,FALSE),"") -> 0 | I31: =IFERROR(VLOOKUP($A31,'Medical Examinations'!$A:$O,10,FALSE),"") -> No | J31: =IFERROR(VLOOKUP($A31,'Medical Examinations'!$A:$O,14,FALSE),"") -> Normal Weight | K31: =IFERROR(VLOOKUP($A31,'Medical Examinations'!$A:$O,15,FALSE),"") -> Diabetes | L31: =IFERROR(VLOOKUP($A31,'Hospitalisation Details'!$A:$Q,7,FALSE),"") -> 24-Oct-1968 | M31: =IFERROR(VLOOKUP($A31,'Hospitalisation Details'!$A:$Q,10,FALSE),"") -> 11013.71 | N31: =IFERROR(VLOOKUP($A31,'Hospitalisation Details'!$A:$Q,11,FALSE),"") -> tier - 3 | O31: =IFERROR(VLOOKUP($A31,'Hospitalisation Details'!$A:$Q,13,FALSE),"") -> tier - 1 | P31: =IFERROR(VLOOKUP($A31,'Hospitalisation Details'!$A:$Q,15,FALSE),"") -> R1013 | Q31: =IFERROR(VLOOKUP($A31,'Hospitalisation Details'!$A:$Q,8,FALSE),"") -> 54
A32: ='Customer Names'!A1026 -> Id1025 | B32: =IFERROR(VLOOKUP($A32,'Customer Names'!$A:$F,3,FALSE),"") -> McVay | C32: =IFERROR(VLOOKUP($A32,'Medical Examinations'!$A:$O,2,FALSE),"") -> 52.37 | D32: =IFERROR(VLOOKUP($A32,'Medical Examinations'!$A:$O,3,FALSE),"") -> 5.06 | E32: =IFERROR(VLOOKUP($A32,'Medical Examinations'!$A:$O,4,FALSE),"") -> Yes | F32: =IFERROR(VLOOKUP($A32,'Medical Examinations'!$A:$O,6,FALSE),"") -> yes | G32: =IFERROR(VLOOKUP($A32,'Medical Examinations'!$A:$O,7,FALSE),"") -> No | H32: =IFERROR(VLOOKUP($A32,'Medical Examinations'!$A:$O,8,FALSE),"") -> 2 | I32: =IFERROR(VLOOKUP($A32,'Medical Examinations'!$A:$O,10,FALSE),"") -> No | J32: =IFERROR(VLOOKUP($A32,'Medical Examinations'!$A:$O,14,FALSE),"") -> Obesity | K32: =IFERROR(VLOOKUP($A32,'Medical Examinations'!$A:$O,15,FALSE),"") -> Normal | L32: =IFERROR(VLOOKUP($A32,'Hospitalisation Details'!$A:$Q,7,FALSE),"") -> 17-Sep-2000 | M32: =IFERROR(VLOOKUP($A32,'Hospitalisation Details'!$A:$Q,10,FALSE),"") -> 10991.58 | N32: =IFERROR(VLOOKUP($A32,'Hospitalisation Details'!$A:$Q,11,FALSE),"") -> tier - 3 | O32: =IFERROR(VLOOKUP($A32,'Hospitalisation Details'!$A:$Q,13,FALSE),"") -> tier - 3 | P32: =IFERROR(VLOOKUP($A32,'Hospitalisation Details'!$A:$Q,15,FALSE),"") -> R1012 | Q32: =IFERROR(VLOOKUP($A32,'Hospitalisation Details'!$A:$Q,8,FALSE),"") -> 22
A33: ='Customer Names'!A1027 -> Id1026 | B33: =IFERROR(VLOOKUP($A33,'Customer Names'!$A:$F,3,FALSE),"") -> Vinson | C33: =IFERROR(VLOOKUP($A33,'Medical Examinations'!$A:$O,2,FALSE),"") -> 40.37 | D33: =IFERROR(VLOOKUP($A33,'Medical Examinations'!$A:$O,3,FALSE),"") -> 8.21 | E33: =IFERROR(VLOOKUP($A33,'Medical Examinations'!$A:$O,4,FALSE),"") -> No | F33: =IFERROR(VLOOKUP($A33,'Medical Examinations'!$A:$O,6,FALSE),"") -> No | G33: =IFERROR(VLOOKUP($A33,'Medical Examinations'!$A:$O,7,FALSE),"") -> No | H33: =IFERROR(VLOOKUP($A33,'Medical Examinations'!$A:$O,8,FALSE),"") -> 0 | I33: =IFERROR(VLOOKUP($A33,'Medical Examinations'!$A:$O,10,FALSE),"") -> No | J33: =IFERROR(VLOOKUP($A33,'Medical Examinations'!$A:$O,14,FALSE),"") -> Obesity | K33: =IFERROR(VLOOKUP($A33,'Medical Examinations'!$A:$O,15,FALSE),"") -> Diabetes | L33: =IFERROR(VLOOKUP($A33,'Hospitalisation Details'!$A:$Q,7,FALSE),"") -> 18-Dec-1965 | M33: =IFERROR(VLOOKUP($A33,'Hospitalisation Details'!$A:$Q,10,FALSE),"") -> 10982.5 | N33: =IFERROR(VLOOKUP($A33,'Hospitalisation Details'!$A:$Q,11,FALSE),"") -> tier - 3 | O33: =IFERROR(VLOOKUP($A33,'Hospitalisation Details'!$A:$Q,13,FALSE),"") -> tier - 3 | P33: =IFERROR(VLOOKUP($A33,'Hospitalisation Details'!$A:$Q,15,FALSE),"") -> R1013 | Q33: =IFERROR(VLOOKUP($A33,'Hospitalisation Details'!$A:$Q,8,FALSE),"") -> 57
A34: ='Customer Names'!A1028 -> Id1027 | B34: =IFERROR(VLOOKUP($A34,'Customer Names'!$A:$F,3,FALSE),"") -> Astrike-Davis | C34: =IFERROR(VLOOKUP($A34,'Medical Examinations'!$A:$O,2,FALSE),"") -> 41.47 | D34: =IFERROR(VLOOKUP($A34,'Medical Examinations'!$A:$O,3,FALSE),"") -> 10.34 | E34: =IFERROR(VLOOKUP($A34,'Medical Examinations'!$A:$O,4,FALSE),"") -> No | F34: =IFERROR(VLOOKUP($A34,'Medical Examinations'!$A:$O,6,FALSE),"") -> No | G34: =IFERROR(VLOOKUP($A34,'Medical Examinations'!$A:$O,7,FALSE),"") -> No | H34: =IFERROR(VLOOKUP($A34,'Medical Examinations'!$A:$O,8,FALSE),"") -> 2 | I34: =IFERROR(VLOOKUP($A34,'Medical Examinations'!$A:$O,10,FALSE),"") -> No | J34: =IFERROR(VLOOKUP($A34,'Medical Examinations'!$A:$O,14,FALSE),"") -> Obesity | K34: =IFERROR(VLOOKUP($A34,'Medical Examinations'!$A:$O,15,FALSE),"") -> Diabetes | L34: =IFERROR(VLOOKUP($A34,'Hospitalisation Details'!$A:$Q,7,FALSE),"") -> 21-Oct-1973 | M34: =IFERROR(VLOOKUP($A34,'Hospitalisation Details'!$A:$Q,10,FALSE),"") -> 10977.21 | N34: =IFERROR(VLOOKUP($A34,'Hospitalisation Details'!$A:$Q,11,FALSE),"") -> tier - 3 | O34: =IFERROR(VLOOKUP($A34,'Hospitalisation Details'!$A:$Q,13,FALSE),"") -> tier - 1 | P34: =IFERROR(VLOOKUP($A34,'Hospitalisation Details'!$A:$Q,15,FALSE),"") -> R1013 | Q34: =IFERROR(VLOOKUP($A34,'Hospitalisation Details'!$A:$Q,8,FALSE),"") -> 49
A35: ='Customer Names'!A1029 -> Id1028 | B35: =IFERROR(VLOOKUP($A35,'Customer Names'!$A:$F,3,FALSE),"") -> Harder | C35: =IFERROR(VLOOKUP($A35,'Medical Examinations'!$A:$O,2,FALSE),"") -> 33.725 | D35: =IFERROR(VLOOKUP($A35,'Medical Examinations'!$A:$O,3,FALSE),"") -> 5.51 | E35: =IFERROR(VLOOKUP($A35,'Medical Examinations'!$A:$O,4,FALSE),"") -> Yes | F35: =IFERROR(VLOOKUP($A35,'Medical Examinations'!$A:$O,6,FALSE),"") -> No | G35: =IFERROR(VLOOKUP($A35,'Medical Examinations'!$A:$O,7,FALSE),"") -> No | H35: =IFERROR(VLOOKUP($A35,'Medical Examinations'!$A:$O,8,FALSE),"") -> 2 | I35: =IFERROR(VLOOKUP($A35,'Medical Examinations'!$A:$O,10,FALSE),"") -> No | J35: =IFERROR(VLOOKUP($A35,'Medical Examinations'!$A:$O,14,FALSE),"") -> Obesity | K35: =IFERROR(VLOOKUP($A35,'Medical Examinations'!$A:$O,15,FALSE),"") -> Normal | L35: =IFERROR(VLOOKUP($A35,'Hospitalisation Details'!$A:$Q,7,FALSE),"") -> 9-Jul-1966 | M35: =IFERROR(VLOOKUP($A35,'Hospitalisation Details'!$A:$Q,10,FALSE),"") -> 10976.25 | N35: =IFERROR(VLOOKUP($A35,'Hospitalisation Details'!$A:$Q,11,FALSE),"") -> tier - 3 | O35: =IFERROR(VLOOKUP($A35,'Hospitalisation Details'!$A:$Q,13,FALSE),"") -> tier - 2 | P35: =IFERROR(VLOOKUP($A35,'Hospitalisation Details'!$A:$Q,15,FALSE),"") -> R1012 | Q35: =IFERROR(VLOOKUP($A35,'Hospitalisation Details'!$A:$Q,8,FALSE),"") -> 56
A36: ='Customer Names'!A1030 -> Id1029 | B36: =IFERROR(VLOOKUP($A36,'Customer Names'!$A:$F,3,FALSE),"") -> Bell | C36: =IFERROR(VLOOKUP($A36,'Medical Examinations'!$A:$O,2,FALSE),"") -> 28.1 | D36: =IFERROR(VLOOKUP($A36,'Medical Examinations'!$A:$O,3,FALSE),"") -> 11.2 | E36: =IFERROR(VLOOKUP($A36,'Medical Examinations'!$A:$O,4,FALSE),"") -> No | F36: =IFERROR(VLOOKUP($A36,'Medical Examinations'!$A:$O,6,FALSE),"") -> No | G36: =IFERROR(VLOOKUP($A36,'Medical Examinations'!$A:$O,7,FALSE),"") -> No | H36: =IFERROR(VLOOKUP($A36,'Medical Examinations'!$A:$O,8,FALSE),"") -> 0 | I36: =IFERROR(VLOOKUP($A36,'Medical Examinations'!$A:$O,10,FALSE),"") -> No | J36: =IFERROR(VLOOKUP($A36,'Medical Examinations'!$A:$O,14,FALSE),"") -> Over Weight | K36: =IFERROR(VLOOKUP($A36,'Medical Examinations'!$A:$O,15,FALSE),"") -> Diabetes | L36: =IFERROR(VLOOKUP($A36,'Hospitalisation Details'!$A:$Q,7,FALSE),"") -> 19-Jun-1965 | M36: =IFERROR(VLOOKUP($A36,'Hospitalisation Details'!$A:$Q,10,FALSE),"") -> 10965.45 | N36: =IFERROR(VLOOKUP($A36,'Hospitalisation Details'!$A:$Q,11,FALSE),"") -> tier - 3 | O36: =IFERROR(VLOOKUP($A36,'Hospitalisation Details'!$A:$Q,13,FALSE),"") -> tier - 2 | P36: =IFERROR(VLOOKUP($A36,'Hospitalisation Details'!$A:$Q,15,FALSE),"") -> R1011 | Q36: =IFERROR(VLOOKUP($A36,'Hospitalisation Details'!$A:$Q,8,FALSE),"") -> 57
A37: ='Customer Names'!A104 -> Id103 | B37: =IFERROR(VLOOKUP($A37,'Customer Names'!$A:$F,3,FALSE),"") -> Burns | C37: =IFERROR(VLOOKUP($A37,'Medical Examinations'!$A:$O,2,FALSE),"") -> 49.48 | D37: =IFERROR(VLOOKUP($A37,'Medical Examinations'!$A:$O,3,FALSE),"") -> 4.96 | E37: =IFERROR(VLOOKUP($A37,'Medical Examinations'!$A:$O,4,FALSE),"") -> No | F37: =IFERROR(VLOOKUP($A37,'Medical Examinations'!$A:$O,6,FALSE),"") -> No | G37: =IFERROR(VLOOKUP($A37,'Medical Examinations'!$A:$O,7,FALSE),"") -> Yes | H37: =IFERROR(VLOOKUP($A37,'Medical Examinations'!$A:$O,8,FALSE),"") -> 1 | I37: =IFERROR(VLOOKUP($A37,'Medical Examinations'!$A:$O,10,FALSE),"") -> Yes | J37: =IFERROR(VLOOKUP($A37,'Medical Examinations'!$A:$O,14,FALSE),"") -> Obesity | K37: =IFERROR(VLOOKUP($A37,'Medical Examinations'!$A:$O,15,FALSE),"") -> Normal | L37: =IFERROR(VLOOKUP($A37,'Hospitalisation Details'!$A:$Q,7,FALSE),"") -> 18-Aug-1979 | M37: =IFERROR(VLOOKUP($A37,'Hospitalisation Details'!$A:$Q,10,FALSE),"") -> 40204.83 | N37: =IFERROR(VLOOKUP($A37,'Hospitalisation Details'!$A:$Q,11,FALSE),"") -> tier - 1 | O37: =IFERROR(VLOOKUP($A37,'Hospitalisation Details'!$A:$Q,13,FALSE),"") -> tier - 3 | P37: =IFERROR(VLOOKUP($A37,'Hospitalisation Details'!$A:$Q,15,FALSE),"") -> R1012 | Q37: =IFERROR(VLOOKUP($A37,'Hospitalisation Details'!$A:$Q,8,FALSE),"") -> 43
A38: ='Customer Names'!A1031 -> Id1030 | B38: =IFERROR(VLOOKUP($A38,'Customer Names'!$A:$F,3,FALSE),"") -> Dawes | C38: =IFERROR(VLOOKUP($A38,'Medical Examinations'!$A:$O,2,FALSE),"") -> 37.43 | D38: =IFERROR(VLOOKUP($A38,'Medical Examinations'!$A:$O,3,FALSE),"") -> 4.35 | E38: =IFERROR(VLOOKUP($A38,'Medical Examinations'!$A:$O,4,FALSE),"") -> Yes | F38: =IFERROR(VLOOKUP($A38,'Medical Examinations'!$A:$O,6,FALSE),"") -> No | G38: =IFERROR(VLOOKUP($A38,'Medical Examinations'!$A:$O,7,FALSE),"") -> Yes | H38: =IFERROR(VLOOKUP($A38,'Medical Examinations'!$A:$O,8,FALSE),"") -> 1 | I38: =IFERROR(VLOOKUP($A38,'Medical Examinations'!$A:$O,10,FALSE),"") -> No | J38: =IFERROR(VLOOKUP($A38,'Medical Examinations'!$A:$O,14,FALSE),"") -> Obesity | K38: =IFERROR(VLOOKUP($A38,'Medical Examinations'!$A:$O,15,FALSE),"") -> Normal | L38: =IFERROR(VLOOKUP($A38,'Hospitalisation Details'!$A:$Q,7,FALSE),"") -> 14-Aug-1969 | M38: =IFERROR(VLOOKUP($A38,'Hospitalisation Details'!$A:$Q,10,FALSE),"") -> 10959.69 | N38: =IFERROR(VLOOKUP($A38,'Hospitalisation Details'!$A:$Q,11,FALSE),"") -> tier - 3 | O38: =IFERROR(VLOOKUP($A38,'Hospitalisation Details'!$A:$Q,13,FALSE),"") -> tier - 3 | P38: =IFERROR(VLOOKUP($A38,'Hospitalisation Details'!$A:$Q,15,FALSE),"") -> R1012 | Q38: =IFERROR(VLOOKUP($A38,'Hospitalisation Details'!$A:$Q,8,FALSE),"") -> 53
A39: ='Customer Names'!A1032 -> Id1031 | B39: =IFERROR(VLOOKUP($A39,'Customer Names'!$A:$F,3,FALSE),"") -> Larios | C39: =IFERROR(VLOOKUP($A39,'Medical Examinations'!$A:$O,2,FALSE),"") -> 23.7 | D39: =IFERROR(VLOOKUP($A39,'Medical Examinations'!$A:$O,3,FALSE),"") -> 10.45 | E39: =IFERROR(VLOOKUP($A39,'Medical Examinations'!$A:$O,4,FALSE),"") -> No | F39: =IFERROR(VLOOKUP($A39,'Medical Examinations'!$A:$O,6,FALSE),"") -> No | G39: =IFERROR(VLOOKUP($A39,'Medical Examinations'!$A:$O,7,FALSE),"") -> No | H39: =IFERROR(VLOOKUP($A39,'Medical Examinations'!$A:$O,8,FALSE),"") -> 0 | I39: =IFERROR(VLOOKUP($A39,'Medical Examinations'!$A:$O,10,FALSE),"") -> No | J39: =IFERROR(VLOOKUP($A39,'Medical Examinations'!$A:$O,14,FALSE),"") -> Normal Weight | K39: =IFERROR(VLOOKUP($A39,'Medical Examinations'!$A:$O,15,FALSE),"") -> Diabetes | L39: =IFERROR(VLOOKUP($A39,'Hospitalisation Details'!$A:$Q,7,FALSE),"") -> 4-Dec-1965 | M39: =IFERROR(VLOOKUP($A39,'Hospitalisation Details'!$A:$Q,10,FALSE),"") -> 10959.33 | N39: =IFERROR(VLOOKUP($A39,'Hospitalisation Details'!$A:$Q,11,FALSE),"") -> tier - 3 | O39: =IFERROR(VLOOKUP($A39,'Hospitalisation Details'!$A:$Q,13,FALSE),"") -> tier - 3 | P39: =IFERROR(VLOOKUP($A39,'Hospitalisation Details'!$A:$Q,15,FALSE),"") -> R1011 | Q39: =IFERROR(VLOOKUP($A39,'Hospitalisation Details'!$A:$Q,8,FALSE),"") -> 57
A40: ='Customer Names'!A1033 -> Id1032 | B40: =IFERROR(VLOOKUP($A40,'Customer Names'!$A:$F,3,FALSE),"") -> Yaremczuk | C40: =IFERROR(VLOOKUP($A40,'Medical Examinations'!$A:$O,2,FALSE),"") -> 24.795 | D40: =IFERROR(VLOOKUP($A40,'Medical Examinations'!$A:$O,3,FALSE),"") -> 4.07 | E40: =IFERROR(VLOOKUP($A40,'Medical Examinations'!$A:$O,4,FALSE),"") -> Yes | F40: =IFERROR(VLOOKUP($A40,'Medical Examinations'!$A:$O,6,FALSE),"") -> No | G40: =IFERROR(VLOOKUP($A40,'Medical Examinations'!$A:$O,7,FALSE),"") -> Yes | H40: =IFERROR(VLOOKUP($A40,'Medical Examinations'!$A:$O,8,FALSE),"") -> 1 | I40: =IFERROR(VLOOKUP($A40,'Medical Examinations'!$A:$O,10,FALSE),"") -> No | J40: =IFERROR(VLOOKUP($A40,'Medical Examinations'!$A:$O,14,FALSE),"") -> Normal Weight | K40: =IFERROR(VLOOKUP($A40,'Medical Examinations'!$A:$O,15,FALSE),"") -> Normal | L40: =IFERROR(VLOOKUP($A40,'Hospitalisation Details'!$A:$Q,7,FALSE),"") -> 10-Nov-1969 | M40: =IFERROR(VLOOKUP($A40,'Hospitalisation Details'!$A:$Q,10,FALSE),"") -> 10942.13 | N40: =IFERROR(VLOOKUP($A40,'Hospitalisation Details'!$A:$Q,11,FALSE),"") -> tier - 3 | O40: =IFERROR(VLOOKUP($A40,'Hospitalisation Details'!$A:$Q,13,FALSE),"") -> tier - 3 | P40: =IFERROR(VLOOKUP($A40,'Hospitalisation Details'!$A:$Q,15,FALSE),"") -> R1012 | Q40: =IFERROR(VLOOKUP($A40,'Hospitalisation Details'!$A:$Q,8,FALSE),"") -> 53
A41: ='Customer Names'!A1034 -> Id1033 | B41: =IFERROR(VLOOKUP($A41,'Customer Names'!$A:$F,3,FALSE),"") -> Knight | C41: =IFERROR(VLOOKUP($A41,'Medical Examinations'!$A:$O,2,FALSE),"") -> 31.9 | D41: =IFERROR(VLOOKUP($A41,'Medical Examinations'!$A:$O,3,FALSE),"") -> 8.34 | E41: =IFERROR(VLOOKUP($A41,'Medical Examinations'!$A:$O,4,FALSE),"") -> No | F41: =IFERROR(VLOOKUP($A41,'Medical Examinations'!$A:$O,6,FALSE),"") -> No | G41: =IFERROR(VLOOKUP($A41,'Medical Examinations'!$A:$O,7,FALSE),"") -> No | H41: =IFERROR(VLOOKUP($A41,'Medical Examinations'!$A:$O,8,FALSE),"") -> 0 | I41: =IFERROR(VLOOKUP($A41,'Medical Examinations'!$A:$O,10,FALSE),"") -> No | J41: =IFERROR(VLOOKUP($A41,'Medical Examinations'!$A:$O,14,FALSE),"") -> Obesity | K41: =IFERROR(VLOOKUP($A41,'Medical Examinations'!$A:$O,15,FALSE),"") -> Diabetes | L41: =IFERROR(VLOOKUP($A41,'Hospitalisation Details'!$A:$Q,7,FALSE),"") -> 12-Nov-1968 | M41: =IFERROR(VLOOKUP($A41,'Hospitalisation Details'!$A:$Q,10,FALSE),"") -> 10928.85 | N41: =IFERROR(VLOOKUP($A41,'Hospitalisation Details'!$A:$Q,11,FALSE),"") -> tier - 3 | O41: =IFERROR(VLOOKUP($A41,'Hospitalisation Details'!$A:$Q,13,FALSE),"") -> tier - 3 | P41: =IFERROR(VLOOKUP($A41,'Hospitalisation Details'!$A:$Q,15,FALSE),"") -> R1013 | Q41: =IFERROR(VLOOKUP($A41,'Hospitalisation Details'!$A:$Q,8,FALSE),"") -> 54
A42: ='Customer Names'!A1035 -> Id1034 | B42: =IFERROR(VLOOKUP($A42,'Customer Names'!$A:$F,3,FALSE),"") -> Eversman | C42: =IFERROR(VLOOKUP($A42,'Medical Examinations'!$A:$O,2,FALSE),"") -> 32.68 | D42: =IFERROR(VLOOKUP($A42,'Medical Examinations'!$A:$O,3,FALSE),"") -> 7.41 | E42: =IFERROR(VLOOKUP($A42,'Medical Examinations'!$A:$O,4,FALSE),"") -> No | F42: =IFERROR(VLOOKUP($A42,'Medical Examinations'!$A:$O,6,FALSE),"") -> No | G42: =IFERROR(VLOOKUP($A42,'Medical Examinations'!$A:$O,7,FALSE),"") -> No | H42: =IFERROR(VLOOKUP($A42,'Medical Examinations'!$A:$O,8,FALSE),"") -> 0 | I42: =IFERROR(VLOOKUP($A42,'Medical Examinations'!$A:$O,10,FALSE),"") -> No | J42: =IFERROR(VLOOKUP($A42,'Medical Examinations'!$A:$O,14,FALSE),"") -> Obesity | K42: =IFERROR(VLOOKUP($A42,'Medical Examinations'!$A:$O,15,FALSE),"") -> Diabetes | L42: =IFERROR(VLOOKUP($A42,'Hospitalisation Details'!$A:$Q,7,FALSE),"") -> 13-Nov-1968 | M42: =IFERROR(VLOOKUP($A42,'Hospitalisation Details'!$A:$Q,10,FALSE),"") -> 10923.93 | N42: =IFERROR(VLOOKUP($A42,'Hospitalisation Details'!$A:$Q,11,FALSE),"") -> tier - 3 | O42: =IFERROR(VLOOKUP($A42,'Hospitalisation Details'!$A:$Q,13,FALSE),"") -> tier - 1 | P42: =IFERROR(VLOOKUP($A42,'Hospitalisation Details'!$A:$Q,15,FALSE),"") -> R1024 | Q42: =IFERROR(VLOOKUP($A42,'Hospitalisation Details'!$A:$Q,8,FALSE),"") -> 54
A43: ='Customer Names'!A1036 -> Id1035 | B43: =IFERROR(VLOOKUP($A43,'Customer Names'!$A:$F,3,FALSE),"") -> Hickory | C43: =IFERROR(VLOOKUP($A43,'Medical Examinations'!$A:$O,2,FALSE),"") -> 47.13 | D43: =IFERROR(VLOOKUP($A43,'Medical Examinations'!$A:$O,3,FALSE),"") -> 4.31 | E43: =IFERROR(VLOOKUP($A43,'Medical Examinations'!$A:$O,4,FALSE),"") -> No | F43: =IFERROR(VLOOKUP($A43,'Medical Examinations'!$A:$O,6,FALSE),"") -> No | G43: =IFERROR(VLOOKUP($A43,'Medical Examinations'!$A:$O,7,FALSE),"") -> No | H43: =IFERROR(VLOOKUP($A43,'Medical Examinations'!$A:$O,8,FALSE),"") -> 0 | I43: =IFERROR(VLOOKUP($A43,'Medical Examinations'!$A:$O,10,FALSE),"") -> No | J43: =IFERROR(VLOOKUP($A43,'Medical Examinations'!$A:$O,14,FALSE),"") -> Obesity | K43: =IFERROR(VLOOKUP($A43,'Medical Examinations'!$A:$O,15,FALSE),"") -> Normal | L43: =IFERROR(VLOOKUP($A43,'Hospitalisation Details'!$A:$Q,7,FALSE),"") -> 6-Sep-1994 | M43: =IFERROR(VLOOKUP($A43,'Hospitalisation Details'!$A:$Q,10,FALSE),"") -> 10886.66 | N43: =IFERROR(VLOOKUP($A43,'Hospitalisation Details'!$A:$Q,11,FALSE),"") -> tier - 3 | O43: =IFERROR(VLOOKUP($A43,'Hospitalisation Details'!$A:$Q,13,FALSE),"") -> tier - 3 | P43: =IFERROR(VLOOKUP($A43,'Hospitalisation Details'!$A:$Q,15,FALSE),"") -> R1012 | Q43: =IFERROR(VLOOKUP($A43,'Hospitalisation Details'!$A:$Q,8,FALSE),"") -> 28
A44: ='Customer Names'!A1037 -> Id1036 | B44: =IFERROR(VLOOKUP($A44,'Customer Names'!$A:$F,3,FALSE),"") -> Mooney | C44: =IFERROR(VLOOKUP($A44,'Medical Examinations'!$A:$O,2,FALSE),"") -> 36.67 | D44: =IFERROR(VLOOKUP($A44,'Medical Examinations'!$A:$O,3,FALSE),"") -> 10.83 | E44: =IFERROR(VLOOKUP($A44,'Medical Examinations'!$A:$O,4,FALSE),"") -> No | F44: =IFERROR(VLOOKUP($A44,'Medical Examinations'!$A:$O,6,FALSE),"") -> No | G44: =IFERROR(VLOOKUP($A44,'Medical Examinations'!$A:$O,7,FALSE),"") -> No | H44: =IFERROR(VLOOKUP($A44,'Medical Examinations'!$A:$O,8,FALSE),"") -> 0 | I44: =IFERROR(VLOOKUP($A44,'Medical Examinations'!$A:$O,10,FALSE),"") -> No | J44: =IFERROR(VLOOKUP($A44,'Medical Examinations'!$A:$O,14,FALSE),"") -> Obesity | K44: =IFERROR(VLOOKUP($A44,'Medical Examinations'!$A:$O,15,FALSE),"") -> Diabetes | L44: =IFERROR(VLOOKUP($A44,'Hospitalisation Details'!$A:$Q,7,FALSE),"") -> 20-Dec-1971 | M44: =IFERROR(VLOOKUP($A44,'Hospitalisation Details'!$A:$Q,10,FALSE),"") -> 10848.13 | N44: =IFERROR(VLOOKUP($A44,'Hospitalisation Details'!$A:$Q,11,FALSE),"") -> tier - 3 | O44: =IFERROR(VLOOKUP($A44,'Hospitalisation Details'!$A:$Q,13,FALSE),"") -> tier - 3 | P44: =IFERROR(VLOOKUP($A44,'Hospitalisation Details'!$A:$Q,15,FALSE),"") -> R1012 | Q44: =IFERROR(VLOOKUP($A44,'Hospitalisation Details'!$A:$Q,8,FALSE),"") -> 51
A45: ='Customer Names'!A1038 -> Id1037 | B45: =IFERROR(VLOOKUP($A45,'Customer Names'!$A:$F,3,FALSE),"") -> Craighead | C45: =IFERROR(VLOOKUP($A45,'Medical Examinations'!$A:$O,2,FALSE),"") -> 33.63 | D45: =IFERROR(VLOOKUP($A45,'Medical Examinations'!$A:$O,3,FALSE),"") -> 11.31 | E45: =IFERROR(VLOOKUP($A45,'Medical Examinations'!$A:$O,4,FALSE),"") -> No | F45: =IFERROR(VLOOKUP($A45,'Medical Examinations'!$A:$O,6,FALSE),"") -> No | G45: =IFERROR(VLOOKUP($A45,'Medical Examinations'!$A:$O,7,FALSE),"") -> No | H45: =IFERROR(VLOOKUP($A45,'Medical Examinations'!$A:$O,8,FALSE),"") -> 0 | I45: =IFERROR(VLOOKUP($A45,'Medical Examinations'!$A:$O,10,FALSE),"") -> No | J45: =IFERROR(VLOOKUP($A45,'Medical Examinations'!$A:$O,14,FALSE),"") -> Obesity | K45: =IFERROR(VLOOKUP($A45,'Medical Examinations'!$A:$O,15,FALSE),"") -> Diabetes | L45: =IFERROR(VLOOKUP($A45,'Hospitalisation Details'!$A:$Q,7,FALSE),"") -> 28-Jul-1968 | M45: =IFERROR(VLOOKUP($A45,'Hospitalisation Details'!$A:$Q,10,FALSE),"") -> 10825.25 | N45: =IFERROR(VLOOKUP($A45,'Hospitalisation Details'!$A:$Q,11,FALSE),"") -> tier - 3 | O45: =IFERROR(VLOOKUP($A45,'Hospitalisation Details'!$A:$Q,13,FALSE),"") -> tier - 3 | P45: =IFERROR(VLOOKUP($A45,'Hospitalisation Details'!$A:$Q,15,FALSE),"") -> R1012 | Q45: =IFERROR(VLOOKUP($A45,'Hospitalisation Details'!$A:$Q,8,FALSE),"") -> 54
A46: ='Customer Names'!A1039 -> Id1038 | B46: =IFERROR(VLOOKUP($A46,'Customer Names'!$A:$F,3,FALSE),"") -> Gardner | C46: =IFERROR(VLOOKUP($A46,'Medical Examinations'!$A:$O,2,FALSE),"") -> 32.67 | D46: =IFERROR(VLOOKUP($A46,'Medical Examinations'!$A:$O,3,FALSE),"") -> 11.81 | E46: =IFERROR(VLOOKUP($A46,'Medical Examinations'!$A:$O,4,FALSE),"") -> Yes | F46: =IFERROR(VLOOKUP($A46,'Medical Examinations'!$A:$O,6,FALSE),"") -> No | G46: =IFERROR(VLOOKUP($A46,'Medical Examinations'!$A:$O,7,FALSE),"") -> No | H46: =IFERROR(VLOOKUP($A46,'Medical Examinations'!$A:$O,8,FALSE),"") -> 0 | I46: =IFERROR(VLOOKUP($A46,'Medical Examinations'!$A:$O,10,FALSE),"") -> No | J46: =IFERROR(VLOOKUP($A46,'Medical Examinations'!$A:$O,14,FALSE),"") -> Obesity | K46: =IFERROR(VLOOKUP($A46,'Medical Examinations'!$A:$O,15,FALSE),"") -> Diabetes | L46: =IFERROR(VLOOKUP($A46,'Hospitalisation Details'!$A:$Q,7,FALSE),"") -> 2-Oct-1967 | M46: =IFERROR(VLOOKUP($A46,'Hospitalisation Details'!$A:$Q,10,FALSE),"") -> 10807.49 | N46: =IFERROR(VLOOKUP($A46,'Hospitalisation Details'!$A:$Q,11,FALSE),"") -> tier - 3 | O46: =IFERROR(VLOOKUP($A46,'Hospitalisation Details'!$A:$Q,13,FALSE),"") -> tier - 2 | P46: =IFERROR(VLOOKUP($A46,'Hospitalisation Details'!$A:$Q,15,FALSE),"") -> R1013 | Q46: =IFERROR(VLOOKUP($A46,'Hospitalisation Details'!$A:$Q,8,FALSE),"") -> 55
A47: ='Customer Names'!A1040 -> Id1039 | B47: =IFERROR(VLOOKUP($A47,'Customer Names'!$A:$F,3,FALSE),"") -> Lohrenz | C47: =IFERROR(VLOOKUP($A47,'Medical Examinations'!$A:$O,2,FALSE),"") -> 33.3 | D47: =IFERROR(VLOOKUP($A47,'Medical Examinations'!$A:$O,3,FALSE),"") -> 8.26 | E47: =IFERROR(VLOOKUP($A47,'Medical Examinations'!$A:$O,4,FALSE),"") -> Yes | F47: =IFERROR(VLOOKUP($A47,'Medical Examinations'!$A:$O,6,FALSE),"") -> No | G47: =IFERROR(VLOOKUP($A47,'Medical Examinations'!$A:$O,7,FALSE),"") -> No | H47: =IFERROR(VLOOKUP($A47,'Medical Examinations'!$A:$O,8,FALSE),"") -> 2 | I47: =IFERROR(VLOOKUP($A47,'Medical Examinations'!$A:$O,10,FALSE),"") -> No | J47: =IFERROR(VLOOKUP($A47,'Medical Examinations'!$A:$O,14,FALSE),"") -> Obesity | K47: =IFERROR(VLOOKUP($A47,'Medical Examinations'!$A:$O,15,FALSE),"") -> Diabetes | L47: =IFERROR(VLOOKUP($A47,'Hospitalisation Details'!$A:$Q,7,FALSE),"") -> 18-Dec-1970 | M47: =IFERROR(VLOOKUP($A47,'Hospitalisation Details'!$A:$Q,10,FALSE),"") -> 10806.84 | N47: =IFERROR(VLOOKUP($A47,'Hospitalisation Details'!$A:$Q,11,FALSE),"") -> tier - 3 | O47: =IFERROR(VLOOKUP($A47,'Hospitalisation Details'!$A:$Q,13,FALSE),"") -> tier - 2 | P47: =IFERROR(VLOOKUP($A47,'Hospitalisation Details'!$A:$Q,15,FALSE),"") -> R1011 | Q47: =IFERROR(VLOOKUP($A47,'Hospitalisation Details'!$A:$Q,8,FALSE),"") -> 52
A48: ='Customer Names'!A105 -> Id104 | B48: =IFERROR(VLOOKUP($A48,'Customer Names'!$A:$F,3,FALSE),"") -> Maldonado | C48: =IFERROR(VLOOKUP($A48,'Medical Examinations'!$A:$O,2,FALSE),"") -> 34.1 | D48: =IFERROR(VLOOKUP($A48,'Medical Examinations'!$A:$O,3,FALSE),"") -> 4.43 | E48: =IFERROR(VLOOKUP($A48,'Medical Examinations'!$A:$O,4,FALSE),"") -> Yes | F48: =IFERROR(VLOOKUP($A48,'Medical Examinations'!$A:$O,6,FALSE),"") -> No | G48: =IFERROR(VLOOKUP($A48,'Medical Examinations'!$A:$O,7,FALSE),"") -> No | H48: =IFERROR(VLOOKUP($A48,'Medical Examinations'!$A:$O,8,FALSE),"") -> 0 | I48: =IFERROR(VLOOKUP($A48,'Medical Examinations'!$A:$O,10,FALSE),"") -> Yes | J48: =IFERROR(VLOOKUP($A48,'Medical Examinations'!$A:$O,14,FALSE),"") -> Obesity | K48: =IFERROR(VLOOKUP($A48,'Medical Examinations'!$A:$O,15,FALSE),"") -> Normal | L48: =IFERROR(VLOOKUP($A48,'Hospitalisation Details'!$A:$Q,7,FALSE),"") -> 21-Oct-1985 | M48: =IFERROR(VLOOKUP($A48,'Hospitalisation Details'!$A:$Q,10,FALSE),"") -> 40182.25 | N48: =IFERROR(VLOOKUP($A48,'Hospitalisation Details'!$A:$Q,11,FALSE),"") -> tier - 1 | O48: =IFERROR(VLOOKUP($A48,'Hospitalisation Details'!$A:$Q,13,FALSE),"") -> tier - 2 | P48: =IFERROR(VLOOKUP($A48,'Hospitalisation Details'!$A:$Q,15,FALSE),"") -> R1011 | Q48: =IFERROR(VLOOKUP($A48,'Hospitalisation Details'!$A:$Q,8,FALSE),"") -> 37
A49: ='Customer Names'!A1041 -> Id1040 | B49: =IFERROR(VLOOKUP($A49,'Customer Names'!$A:$F,3,FALSE),"") -> Demise | C49: =IFERROR(VLOOKUP($A49,'Medical Examinations'!$A:$O,2,FALSE),"") -> 30.78 | D49: =IFERROR(VLOOKUP($A49,'Medical Examinations'!$A:$O,3,FALSE),"") -> 10.74 | E49: =IFERROR(VLOOKUP($A49,'Medical Examinations'!$A:$O,4,FALSE),"") -> Yes | F49: =IFERROR(VLOOKUP($A49,'Medical Examinations'!$A:$O,6,FALSE),"") -> No | G49: =IFERROR(VLOOKUP($A49,'Medical Examinations'!$A:$O,7,FALSE),"") -> No | H49: =IFERROR(VLOOKUP($A49,'Medical Examinations'!$A:$O,8,FALSE),"") -> 2 | I49: =IFERROR(VLOOKUP($A49,'Medical Examinations'!$A:$O,10,FALSE),"") -> No | J49: =IFERROR(VLOOKUP($A49,'Medical Examinations'!$A:$O,14,FALSE),"") -> Obesity | K49: =IFERROR(VLOOKUP($A49,'Medical Examinations'!$A:$O,15,FALSE),"") -> Diabetes | L49: =IFERROR(VLOOKUP($A49,'Hospitalisation Details'!$A:$Q,7,FALSE),"") -> 28-Oct-1970 | M49: =IFERROR(VLOOKUP($A49,'Hospitalisation Details'!$A:$Q,10,FALSE),"") -> 10797.34 | N49: =IFERROR(VLOOKUP($A49,'Hospitalisation Details'!$A:$Q,11,FALSE),"") -> tier - 3 | O49: =IFERROR(VLOOKUP($A49,'Hospitalisation Details'!$A:$Q,13,FALSE),"") -> tier - 2 | P49: =IFERROR(VLOOKUP($A49,'Hospitalisation Details'!$A:$Q,15,FALSE),"") -> R1023 | Q49: =IFERROR(VLOOKUP($A49,'Hospitalisation Details'!$A:$Q,8,FALSE),"") -> 52
A50: ='Customer Names'!A1042 -> Id1041 | B50: =IFERROR(VLOOKUP($A50,'Customer Names'!$A:$F,3,FALSE),"") -> Nelson | C50: =IFERROR(VLOOKUP($A50,'Medical Examinations'!$A:$O,2,FALSE),"") -> 28.975 | D50: =IFERROR(VLOOKUP($A50,'Medical Examinations'!$A:$O,3,FALSE),"") -> 7.69 | E50: =IFERROR(VLOOKUP($A50,'Medical Examinations'!$A:$O,4,FALSE),"") -> Yes | F50: =IFERROR(VLOOKUP($A50,'Medical Examinations'!$A:$O,6,FALSE),"") -> No | G50: =IFERROR(VLOOKUP($A50,'Medical Examinations'!$A:$O,7,FALSE),"") -> No | H50: =IFERROR(VLOOKUP($A50,'Medical Examinations'!$A:$O,8,FALSE),"") -> 0 | I50: =IFERROR(VLOOKUP($A50,'Medical Examinations'!$A:$O,10,FALSE),"") -> No | J50: =IFERROR(VLOOKUP($A50,'Medical Examinations'!$A:$O,14,FALSE),"") -> Over Weight | K50: =IFERROR(VLOOKUP($A50,'Medical Examinations'!$A:$O,15,FALSE),"") -> Diabetes | L50: =IFERROR(VLOOKUP($A50,'Hospitalisation Details'!$A:$Q,7,FALSE),"") -> 23-Oct-1967 | M50: =IFERROR(VLOOKUP($A50,'Hospitalisation Details'!$A:$Q,10,FALSE),"") -> 10796.35 | N50: =IFERROR(VLOOKUP($A50,'Hospitalisation Details'!$A:$Q,11,FALSE),"") -> tier - 3 | O50: =IFERROR(VLOOKUP($A50,'Hospitalisation Details'!$A:$Q,13,FALSE),"") -> tier - 1 | P50: =IFERROR(VLOOKUP($A50,'Hospitalisation Details'!$A:$Q,15,FALSE),"") -> R1019 | Q50: =IFERROR(VLOOKUP($A50,'Hospitalisation Details'!$A:$Q,8,FALSE),"") -> 55
A51: ='Customer Names'!A1043 -> Id1042 | B51: =IFERROR(VLOOKUP($A51,'Customer Names'!$A:$F,3,FALSE),"") -> Guitard | C51: =IFERROR(VLOOKUP($A51,'Medical Examinations'!$A:$O,2,FALSE),"") -> 33.4 | D51: =IFERROR(VLOOKUP($A51,'Medical Examinations'!$A:$O,3,FALSE),"") -> 4.84 | E51: =IFERROR(VLOOKUP($A51,'Medical Examinations'!$A:$O,4,FALSE),"") -> No | F51: =IFERROR(VLOOKUP($A51,'Medical Examinations'!$A:$O,6,FALSE),"") -> No | G51: =IFERROR(VLOOKUP($A51,'Medical Examinations'!$A:$O,7,FALSE),"") -> No | H51: =IFERROR(VLOOKUP($A51,'Medical Examinations'!$A:$O,8,FALSE),"") -> 0 | I51: =IFERROR(VLOOKUP($A51,'Medical Examinations'!$A:$O,10,FALSE),"") -> No | J51: =IFERROR(VLOOKUP($A51,'Medical Examinations'!$A:$O,14,FALSE),"") -> Obesity | K51: =IFERROR(VLOOKUP($A51,'Medical Examinations'!$A:$O,15,FALSE),"") -> Normal | L51: =IFERROR(VLOOKUP($A51,'Hospitalisation Details'!$A:$Q,7,FALSE),"") -> 24-Dec-1999 | M51: =IFERROR(VLOOKUP($A51,'Hospitalisation Details'!$A:$Q,10,FALSE),"") -> 10795.94 | N51: =IFERROR(VLOOKUP($A51,'Hospitalisation Details'!$A:$Q,11,FALSE),"") -> tier - 3 | O51: =IFERROR(VLOOKUP($A51,'Hospitalisation Details'!$A:$Q,13,FALSE),"") -> tier - 1 | P51: =IFERROR(VLOOKUP($A51,'Hospitalisation Details'!$A:$Q,15,FALSE),"") -> R1011 | Q51: =IFERROR(VLOOKUP($A51,'Hospitalisation Details'!$A:$Q,8,FALSE),"") -> 23
A52: ='Customer Names'!A1044 -> Id1043 | B52: =IFERROR(VLOOKUP($A52,'Customer Names'!$A:$F,3,FALSE),"") -> Navas | C52: =IFERROR(VLOOKUP($A52,'Medical Examinations'!$A:$O,2,FALSE),"") -> 21.5 | D52: =IFERROR(VLOOKUP($A52,'Medical Examinations'!$A:$O,3,FALSE),"") -> 9.77 | E52: =IFERROR(VLOOKUP($A52,'Medical Examinations'!$A:$O,4,FALSE),"") -> Yes | F52: =IFERROR(VLOOKUP($A52,'Medical Examinations'!$A:$O,6,FALSE),"") -> No | G52: =IFERROR(VLOOKUP($A52,'Medical Examinations'!$A:$O,7,FALSE),"") -> No | H52: =IFERROR(VLOOKUP($A52,'Medical Examinations'!$A:$O,8,FALSE),"") -> 0 | I52: =IFERROR(VLOOKUP($A52,'Medical Examinations'!$A:$O,10,FALSE),"") -> No | J52: =IFERROR(VLOOKUP($A52,'Medical Examinations'!$A:$O,14,FALSE),"") -> Normal Weight | K52: =IFERROR(VLOOKUP($A52,'Medical Examinations'!$A:$O,15,FALSE),"") -> Diabetes | L52: =IFERROR(VLOOKUP($A52,'Hospitalisation Details'!$A:$Q,7,FALSE),"") -> 11-Nov-1967 | M52: =IFERROR(VLOOKUP($A52,'Hospitalisation Details'!$A:$Q,10,FALSE),"") -> 10791.96 | N52: =IFERROR(VLOOKUP($A52,'Hospitalisation Details'!$A:$Q,11,FALSE),"") -> tier - 3 | O52: =IFERROR(VLOOKUP($A52,'Hospitalisation Details'!$A:$Q,13,FALSE),"") -> tier - 2 | P52: =IFERROR(VLOOKUP($A52,'Hospitalisation Details'!$A:$Q,15,FALSE),"") -> R1011 | Q52: =IFERROR(VLOOKUP($A52,'Hospitalisation Details'!$A:$Q,8,FALSE),"") -> 55
A53: ='Customer Names'!A1045 -> Id1044 | B53: =IFERROR(VLOOKUP($A53,'Customer Names'!$A:$F,3,FALSE),"") -> Ptucha | C53: =IFERROR(VLOOKUP($A53,'Medical Examinations'!$A:$O,2,FALSE),"") -> 38.14 | D53: =IFERROR(VLOOKUP($A53,'Medical Examinations'!$A:$O,3,FALSE),"") -> 5.84 | E53: =IFERROR(VLOOKUP($A53,'Medical Examinations'!$A:$O,4,FALSE),"") -> No | F53: =IFERROR(VLOOKUP($A53,'Medical Examinations'!$A:$O,6,FALSE),"") -> No | G53: =IFERROR(VLOOKUP($A53,'Medical Examinations'!$A:$O,7,FALSE),"") -> No | H53: =IFERROR(VLOOKUP($A53,'Medical Examinations'!$A:$O,8,FALSE),"") -> 0 | I53: =IFERROR(VLOOKUP($A53,'Medical Examinations'!$A:$O,10,FALSE),"") -> No | J53: =IFERROR(VLOOKUP($A53,'Medical Examinations'!$A:$O,14,FALSE),"") -> Obesity | K53: =IFERROR(VLOOKUP($A53,'Medical Examinations'!$A:$O,15,FALSE),"") -> Prediabetes | L53: =IFERROR(VLOOKUP($A53,'Hospitalisation Details'!$A:$Q,7,FALSE),"") -> 25-Nov-1989 | M53: =IFERROR(VLOOKUP($A53,'Hospitalisation Details'!$A:$Q,10,FALSE),"") -> 10769.75 | N53: =IFERROR(VLOOKUP($A53,'Hospitalisation Details'!$A:$Q,11,FALSE),"") -> tier - 3 | O53: =IFERROR(VLOOKUP($A53,'Hospitalisation Details'!$A:$Q,13,FALSE),"") -> tier - 2 | P53: =IFERROR(VLOOKUP($A53,'Hospitalisation Details'!$A:$Q,15,FALSE),"") -> R1022 | Q53: =IFERROR(VLOOKUP($A53,'Hospitalisation Details'!$A:$Q,8,FALSE),"") -> 33
A54: ='Customer Names'!A1046 -> Id1045 | B54: =IFERROR(VLOOKUP($A54,'Customer Names'!$A:$F,3,FALSE),"") -> Kirouac | C54: =IFERROR(VLOOKUP($A54,'Medical Examinations'!$A:$O,2,FALSE),"") -> 35.42 | D54: =IFERROR(VLOOKUP($A54,'Medical Examinations'!$A:$O,3,FALSE),"") -> 8.7 | E54: =IFERROR(VLOOKUP($A54,'Medical Examinations'!$A:$O,4,FALSE),"") -> Yes | F54: =IFERROR(VLOOKUP($A54,'Medical Examinations'!$A:$O,6,FALSE),"") -> No | G54: =IFERROR(VLOOKUP($A54,'Medical Examinations'!$A:$O,7,FALSE),"") -> No | H54: =IFERROR(VLOOKUP($A54,'Medical Examinations'!$A:$O,8,FALSE),"") -> 1 | I54: =IFERROR(VLOOKUP($A54,'Medical Examinations'!$A:$O,10,FALSE),"") -> No | J54: =IFERROR(VLOOKUP($A54,'Medical Examinations'!$A:$O,14,FALSE),"") -> Obesity | K54: =IFERROR(VLOOKUP($A54,'Medical Examinations'!$A:$O,15,FALSE),"") -> Diabetes | L54: =IFERROR(VLOOKUP($A54,'Hospitalisation Details'!$A:$Q,7,FALSE),"") -> 29-Aug-1986 | M54: =IFERROR(VLOOKUP($A54,'Hospitalisation Details'!$A:$Q,10,FALSE),"") -> 10749.02 | N54: =IFERROR(VLOOKUP($A54,'Hospitalisation Details'!$A:$Q,11,FALSE),"") -> tier - 3 | O54: =IFERROR(VLOOKUP($A54,'Hospitalisation Details'!$A:$Q,13,FALSE),"") -> tier - 1 | P54: =IFERROR(VLOOKUP($A54,'Hospitalisation Details'!$A:$Q,15,FALSE),"") -> R1026 | Q54: =IFERROR(VLOOKUP($A54,'Hospitalisation Details'!$A:$Q,8,FALSE),"") -> 36
A55: ='Customer Names'!A1047 -> Id1046 | B55: =IFERROR(VLOOKUP($A55,'Customer Names'!$A:$F,3,FALSE),"") -> Toews | C55: =IFERROR(VLOOKUP($A55,'Medical Examinations'!$A:$O,2,FALSE),"") -> 35.625 | D55: =IFERROR(VLOOKUP($A55,'Medical Examinations'!$A:$O,3,FALSE),"") -> 10.79 | E55: =IFERROR(VLOOKUP($A55,'Medical Examinations'!$A:$O,4,FALSE),"") -> No | F55: =IFERROR(VLOOKUP($A55,'Medical Examinations'!$A:$O,6,FALSE),"") -> No | G55: =IFERROR(VLOOKUP($A55,'Medical Examinations'!$A:$O,7,FALSE),"") -> No | H55: =IFERROR(VLOOKUP($A55,'Medical Examinations'!$A:$O,8,FALSE),"") -> 0 | I55: =IFERROR(VLOOKUP($A55,'Medical Examinations'!$A:$O,10,FALSE),"") -> No | J55: =IFERROR(VLOOKUP($A55,'Medical Examinations'!$A:$O,14,FALSE),"") -> Obesity | K55: =IFERROR(VLOOKUP($A55,'Medical Examinations'!$A:$O,15,FALSE),"") -> Diabetes | L55: =IFERROR(VLOOKUP($A55,'Hospitalisation Details'!$A:$Q,7,FALSE),"") -> 9-Dec-1974 | M55: =IFERROR(VLOOKUP($A55,'Hospitalisation Details'!$A:$Q,10,FALSE),"") -> 10736.87 | N55: =IFERROR(VLOOKUP($A55,'Hospitalisation Details'!$A:$Q,11,FALSE),"") -> tier - 3 | O55: =IFERROR(VLOOKUP($A55,'Hospitalisation Details'!$A:$Q,13,FALSE),"") -> tier - 1 | P55: =IFERROR(VLOOKUP($A55,'Hospitalisation Details'!$A:$Q,15,FALSE),"") -> R1016 | Q55: =IFERROR(VLOOKUP($A55,'Hospitalisation Details'!$A:$Q,8,FALSE),"") -> 48
A56: ='Customer Names'!A1048 -> Id1047 | B56: =IFERROR(VLOOKUP($A56,'Customer Names'!$A:$F,3,FALSE),"") -> Perry | C56: =IFERROR(VLOOKUP($A56,'Medical Examinations'!$A:$O,2,FALSE),"") -> 45.51 | D56: =IFERROR(VLOOKUP($A56,'Medical Examinations'!$A:$O,3,FALSE),"") -> 4.32 | E56: =IFERROR(VLOOKUP($A56,'Medical Examinations'!$A:$O,4,FALSE),"") -> No | F56: =IFERROR(VLOOKUP($A56,'Medical Examinations'!$A:$O,6,FALSE),"") -> No | G56: =IFERROR(VLOOKUP($A56,'Medical Examinations'!$A:$O,7,FALSE),"") -> No | H56: =IFERROR(VLOOKUP($A56,'Medical Examinations'!$A:$O,8,FALSE),"") -> 1 | I56: =IFERROR(VLOOKUP($A56,'Medical Examinations'!$A:$O,10,FALSE),"") -> No | J56: =IFERROR(VLOOKUP($A56,'Medical Examinations'!$A:$O,14,FALSE),"") -> Obesity | K56: =IFERROR(VLOOKUP($A56,'Medical Examinations'!$A:$O,15,FALSE),"") -> Normal | L56: =IFERROR(VLOOKUP($A56,'Hospitalisation Details'!$A:$Q,7,FALSE),"") -> 25-Jun-1992 | M56: =IFERROR(VLOOKUP($A56,'Hospitalisation Details'!$A:$Q,10,FALSE),"") -> 10719.57 | N56: =IFERROR(VLOOKUP($A56,'Hospitalisation Details'!$A:$Q,11,FALSE),"") -> tier - 3 | O56: =IFERROR(VLOOKUP($A56,'Hospitalisation Details'!$A:$Q,13,FALSE),"") -> tier - 1 | P56: =IFERROR(VLOOKUP($A56,'Hospitalisation Details'!$A:$Q,15,FALSE),"") -> R1012 | Q56: =IFERROR(VLOOKUP($A56,'Hospitalisation Details'!$A:$Q,8,FALSE),"") -> 30
A57: ='Customer Names'!A1049 -> Id1048 | B57: =IFERROR(VLOOKUP($A57,'Customer Names'!$A:$F,3,FALSE),"") -> Kretz | C57: =IFERROR(VLOOKUP($A57,'Medical Examinations'!$A:$O,2,FALSE),"") -> 37.1 | D57: =IFERROR(VLOOKUP($A57,'Medical Examinations'!$A:$O,3,FALSE),"") -> 7.19 | E57: =IFERROR(VLOOKUP($A57,'Medical Examinations'!$A:$O,4,FALSE),"") -> Yes | F57: =IFERROR(VLOOKUP($A57,'Medical Examinations'!$A:$O,6,FALSE),"") -> No | G57: =IFERROR(VLOOKUP($A57,'Medical Examinations'!$A:$O,7,FALSE),"") -> No | H57: =IFERROR(VLOOKUP($A57,'Medical Examinations'!$A:$O,8,FALSE),"") -> 0 | I57: =IFERROR(VLOOKUP($A57,'Medical Examinations'!$A:$O,10,FALSE),"") -> No | J57: =IFERROR(VLOOKUP($A57,'Medical Examinations'!$A:$O,14,FALSE),"") -> Obesity | K57: =IFERROR(VLOOKUP($A57,'Medical Examinations'!$A:$O,15,FALSE),"") -> Diabetes | L57: =IFERROR(VLOOKUP($A57,'Hospitalisation Details'!$A:$Q,7,FALSE),"") -> 5-Oct-1967 | M57: =IFERROR(VLOOKUP($A57,'Hospitalisation Details'!$A:$Q,10,FALSE),"") -> 10713.64 | N57: =IFERROR(VLOOKUP($A57,'Hospitalisation Details'!$A:$Q,11,FALSE),"") -> tier - 3 | O57: =IFERROR(VLOOKUP($A57,'Hospitalisation Details'!$A:$Q,13,FALSE),"") -> tier - 3 | P57: =IFERROR(VLOOKUP($A57,'Hospitalisation Details'!$A:$Q,15,FALSE),"") -> R1011 | Q57: =IFERROR(VLOOKUP($A57,'Hospitalisation Details'!$A:$Q,8,FALSE),"") -> 55
A58: ='Customer Names'!A1050 -> Id1049 | B58: =IFERROR(VLOOKUP($A58,'Customer Names'!$A:$F,3,FALSE),"") -> Hempel | C58: =IFERROR(VLOOKUP($A58,'Medical Examinations'!$A:$O,2,FALSE),"") -> 30.5 | D58: =IFERROR(VLOOKUP($A58,'Medical Examinations'!$A:$O,3,FALSE),"") -> 11.94 | E58: =IFERROR(VLOOKUP($A58,'Medical Examinations'!$A:$O,4,FALSE),"") -> Yes | F58: =IFERROR(VLOOKUP($A58,'Medical Examinations'!$A:$O,6,FALSE),"") -> No | G58: =IFERROR(VLOOKUP($A58,'Medical Examinations'!$A:$O,7,FALSE),"") -> No | H58: =IFERROR(VLOOKUP($A58,'Medical Examinations'!$A:$O,8,FALSE),"") -> 0 | I58: =IFERROR(VLOOKUP($A58,'Medical Examinations'!$A:$O,10,FALSE),"") -> No | J58: =IFERROR(VLOOKUP($A58,'Medical Examinations'!$A:$O,14,FALSE),"") -> Obesity | K58: =IFERROR(VLOOKUP($A58,'Medical Examinations'!$A:$O,15,FALSE),"") -> Diabetes | L58: =IFERROR(VLOOKUP($A58,'Hospitalisation Details'!$A:$Q,7,FALSE),"") -> 30-Jul-1967 | M58: =IFERROR(VLOOKUP($A58,'Hospitalisation Details'!$A:$Q,10,FALSE),"") -> 10704.47 | N58: =IFERROR(VLOOKUP($A58,'Hospitalisation Details'!$A:$Q,11,FALSE),"") -> tier - 3 | O58: =IFERROR(VLOOKUP($A58,'Hospitalisation Details'!$A:$Q,13,FALSE),"") -> tier - 2 | P58: =IFERROR(VLOOKUP($A58,'Hospitalisation Details'!$A:$Q,15,FALSE),"") -> R1011 | Q58: =IFERROR(VLOOKUP($A58,'Hospitalisation Details'!$A:$Q,8,FALSE),"") -> 55
A59: ='Customer Names'!A106 -> Id105 | B59: =IFERROR(VLOOKUP($A59,'Customer Names'!$A:$F,3,FALSE),"") -> Yitref | C59: =IFERROR(VLOOKUP($A59,'Medical Examinations'!$A:$O,2,FALSE),"") -> 35.3 | D59: =IFERROR(VLOOKUP($A59,'Medical Examinations'!$A:$O,3,FALSE),"") -> 5.82 | E59: =IFERROR(VLOOKUP($A59,'Medical Examinations'!$A:$O,4,FALSE),"") -> Yes | F59: =IFERROR(VLOOKUP($A59,'Medical Examinations'!$A:$O,6,FALSE),"") -> No | G59: =IFERROR(VLOOKUP($A59,'Medical Examinations'!$A:$O,7,FALSE),"") -> Yes | H59: =IFERROR(VLOOKUP($A59,'Medical Examinations'!$A:$O,8,FALSE),"") -> 1 | I59: =IFERROR(VLOOKUP($A59,'Medical Examinations'!$A:$O,10,FALSE),"") -> Yes | J59: =IFERROR(VLOOKUP($A59,'Medical Examinations'!$A:$O,14,FALSE),"") -> Obesity | K59: =IFERROR(VLOOKUP($A59,'Medical Examinations'!$A:$O,15,FALSE),"") -> Prediabetes | L59: =IFERROR(VLOOKUP($A59,'Hospitalisation Details'!$A:$Q,7,FALSE),"") -> 14-Oct-1983 | M59: =IFERROR(VLOOKUP($A59,'Hospitalisation Details'!$A:$Q,10,FALSE),"") -> 40103.89 | N59: =IFERROR(VLOOKUP($A59,'Hospitalisation Details'!$A:$Q,11,FALSE),"") -> tier - 1 | O59: =IFERROR(VLOOKUP($A59,'Hospitalisation Details'!$A:$Q,13,FALSE),"") -> tier - 2 | P59: =IFERROR(VLOOKUP($A59,'Hospitalisation Details'!$A:$Q,15,FALSE),"") -> R1011 | Q59: =IFERROR(VLOOKUP($A59,'Hospitalisation Details'!$A:$Q,8,FALSE),"") -> 39
A60: ='Customer Names'!A1051 -> Id1050 | B60: =IFERROR(VLOOKUP($A60,'Customer Names'!$A:$F,3,FALSE),"") -> McBroom | C60: =IFERROR(VLOOKUP($A60,'Medical Examinations'!$A:$O,2,FALSE),"") -> 28.16 | D60: =IFERROR(VLOOKUP($A60,'Medical Examinations'!$A:$O,3,FALSE),"") -> 5.56 | E60: =IFERROR(VLOOKUP($A60,'Medical Examinations'!$A:$O,4,FALSE),"") -> No | F60: =IFERROR(VLOOKUP($A60,'Medical Examinations'!$A:$O,6,FALSE),"") -> No | G60: =IFERROR(VLOOKUP($A60,'Medical Examinations'!$A:$O,7,FALSE),"") -> No | H60: =IFERROR(VLOOKUP($A60,'Medical Examinations'!$A:$O,8,FALSE),"") -> 2 | I60: =IFERROR(VLOOKUP($A60,'Medical Examinations'!$A:$O,10,FALSE),"") -> No | J60: =IFERROR(VLOOKUP($A60,'Medical Examinations'!$A:$O,14,FALSE),"") -> Over Weight | K60: =IFERROR(VLOOKUP($A60,'Medical Examinations'!$A:$O,15,FALSE),"") -> Normal | L60: =IFERROR(VLOOKUP($A60,'Hospitalisation Details'!$A:$Q,7,FALSE),"") -> 24-Oct-1972 | M60: =IFERROR(VLOOKUP($A60,'Hospitalisation Details'!$A:$Q,10,FALSE),"") -> 10702.64 | N60: =IFERROR(VLOOKUP($A60,'Hospitalisation Details'!$A:$Q,11,FALSE),"") -> tier - 3 | O60: =IFERROR(VLOOKUP($A60,'Hospitalisation Details'!$A:$Q,13,FALSE),"") -> tier - 3 | P60: =IFERROR(VLOOKUP($A60,'Hospitalisation Details'!$A:$Q,15,FALSE),"") -> R1013 | Q60: =IFERROR(VLOOKUP($A60,'Hospitalisation Details'!$A:$Q,8,FALSE),"") -> 50
A61: ='Customer Names'!A1052 -> Id1051 | B61: =IFERROR(VLOOKUP($A61,'Customer Names'!$A:$F,3,FALSE),"") -> Yoo | C61: =IFERROR(VLOOKUP($A61,'Medical Examinations'!$A:$O,2,FALSE),"") -> 29.1 | D61: =IFERROR(VLOOKUP($A61,'Medical Examinations'!$A:$O,3,FALSE),"") -> 5.64 | E61: =IFERROR(VLOOKUP($A61,'Medical Examinations'!$A:$O,4,FALSE),"") -> Yes | F61: =IFERROR(VLOOKUP($A61,'Medical Examinations'!$A:$O,6,FALSE),"") -> No | G61: =IFERROR(VLOOKUP($A61,'Medical Examinations'!$A:$O,7,FALSE),"") -> No | H61: =IFERROR(VLOOKUP($A61,'Medical Examinations'!$A:$O,8,FALSE),"") -> 0 | I61: =IFERROR(VLOOKUP($A61,'Medical Examinations'!$A:$O,10,FALSE),"") -> No | J61: =IFERROR(VLOOKUP($A61,'Medical Examinations'!$A:$O,14,FALSE),"") -> Over Weight | K61: =IFERROR(VLOOKUP($A61,'Medical Examinations'!$A:$O,15,FALSE),"") -> Normal | L61: =IFERROR(VLOOKUP($A61,'Hospitalisation Details'!$A:$Q,7,FALSE),"") -> 30-Sep-1976 | M61: =IFERROR(VLOOKUP($A61,'Hospitalisation Details'!$A:$Q,10,FALSE),"") -> 10698.38 | N61: =IFERROR(VLOOKUP($A61,'Hospitalisation Details'!$A:$Q,11,FALSE),"") -> tier - 3 | O61: =IFERROR(VLOOKUP($A61,'Hospitalisation Details'!$A:$Q,13,FALSE),"") -> tier - 1 | P61: =IFERROR(VLOOKUP($A61,'Hospitalisation Details'!$A:$Q,15,FALSE),"") -> R1025 | Q61: =IFERROR(VLOOKUP($A61,'Hospitalisation Details'!$A:$Q,8,FALSE),"") -> 46
A62: ='Customer Names'!A1053 -> Id1052 | B62: =IFERROR(VLOOKUP($A62,'Customer Names'!$A:$F,3,FALSE),"") -> Rand | C62: =IFERROR(VLOOKUP($A62,'Medical Examinations'!$A:$O,2,FALSE),"") -> 30.22 | D62: =IFERROR(VLOOKUP($A62,'Medical Examinations'!$A:$O,3,FALSE),"") -> 4.65 | E62: =IFERROR(VLOOKUP($A62,'Medical Examinations'!$A:$O,4,FALSE),"") -> No | F62: =IFERROR(VLOOKUP($A62,'Medical Examinations'!$A:$O,6,FALSE),"") -> No | G62: =IFERROR(VLOOKUP($A62,'Medical Examinations'!$A:$O,7,FALSE),"") -> No | H62: =IFERROR(VLOOKUP($A62,'Medical Examinations'!$A:$O,8,FALSE),"") -> 0 | I62: =IFERROR(VLOOKUP($A62,'Medical Examinations'!$A:$O,10,FALSE),"") -> No | J62: =IFERROR(VLOOKUP($A62,'Medical Examinations'!$A:$O,14,FALSE),"") -> Obesity | K62: =IFERROR(VLOOKUP($A62,'Medical Examinations'!$A:$O,15,FALSE),"") -> Normal | L62: =IFERROR(VLOOKUP($A62,'Hospitalisation Details'!$A:$Q,7,FALSE),"") -> 2-Aug-1977 | M62: =IFERROR(VLOOKUP($A62,'Hospitalisation Details'!$A:$Q,10,FALSE),"") -> 10690.11 | N62: =IFERROR(VLOOKUP($A62,'Hospitalisation Details'!$A:$Q,11,FALSE),"") -> tier - 3 | O62: =IFERROR(VLOOKUP($A62,'Hospitalisation Details'!$A:$Q,13,FALSE),"") -> tier - 2 | P62: =IFERROR(VLOOKUP($A62,'Hospitalisation Details'!$A:$Q,15,FALSE),"") -> R1021 | Q62: =IFERROR(VLOOKUP($A62,'Hospitalisation Details'!$A:$Q,8,FALSE),"") -> 45
A63: ='Customer Names'!A1054 -> Id1053 | B63: =IFERROR(VLOOKUP($A63,'Customer Names'!$A:$F,3,FALSE),"") -> Wolfe | C63: =IFERROR(VLOOKUP($A63,'Medical Examinations'!$A:$O,2,FALSE),"") -> 24.29 | D63: =IFERROR(VLOOKUP($A63,'Medical Examinations'!$A:$O,3,FALSE),"") -> 9.05 | E63: =IFERROR(VLOOKUP($A63,'Medical Examinations'!$A:$O,4,FALSE),"") -> No | F63: =IFERROR(VLOOKUP($A63,'Medical Examinations'!$A:$O,6,FALSE),"") -> No | G63: =IFERROR(VLOOKUP($A63,'Medical Examinations'!$A:$O,7,FALSE),"") -> No | H63: =IFERROR(VLOOKUP($A63,'Medical Examinations'!$A:$O,8,FALSE),"") -> 0 | I63: =IFERROR(VLOOKUP($A63,'Medical Examinations'!$A:$O,10,FALSE),"") -> No | J63: =IFERROR(VLOOKUP($A63,'Medical Examinations'!$A:$O,14,FALSE),"") -> Normal Weight | K63: =IFERROR(VLOOKUP($A63,'Medical Examinations'!$A:$O,15,FALSE),"") -> Diabetes | L63: =IFERROR(VLOOKUP($A63,'Hospitalisation Details'!$A:$Q,7,FALSE),"") -> 7-Sep-1962 | M63: =IFERROR(VLOOKUP($A63,'Hospitalisation Details'!$A:$Q,10,FALSE),"") -> 10676.83 | N63: =IFERROR(VLOOKUP($A63,'Hospitalisation Details'!$A:$Q,11,FALSE),"") -> tier - 3 | O63: =IFERROR(VLOOKUP($A63,'Hospitalisation Details'!$A:$Q,13,FALSE),"") -> tier - 3 | P63: =IFERROR(VLOOKUP($A63,'Hospitalisation Details'!$A:$Q,15,FALSE),"") -> R1013 | Q63: =IFERROR(VLOOKUP($A63,'Hospitalisation Details'!$A:$Q,8,FALSE),"") -> 60
A64: ='Customer Names'!A1055 -> Id1054 | B64: =IFERROR(VLOOKUP($A64,'Customer Names'!$A:$F,3,FALSE),"") -> Vance | C64: =IFERROR(VLOOKUP($A64,'Medical Examinations'!$A:$O,2,FALSE),"") -> 29.39 | D64: =IFERROR(VLOOKUP($A64,'Medical Examinations'!$A:$O,3,FALSE),"") -> 4.52 | E64: =IFERROR(VLOOKUP($A64,'Medical Examinations'!$A:$O,4,FALSE),"") -> Yes | F64: =IFERROR(VLOOKUP($A64,'Medical Examinations'!$A:$O,6,FALSE),"") -> No | G64: =IFERROR(VLOOKUP($A64,'Medical Examinations'!$A:$O,7,FALSE),"") -> No | H64: =IFERROR(VLOOKUP($A64,'Medical Examinations'!$A:$O,8,FALSE),"") -> 0 | I64: =IFERROR(VLOOKUP($A64,'Medical Examinations'!$A:$O,10,FALSE),"") -> No | J64: =IFERROR(VLOOKUP($A64,'Medical Examinations'!$A:$O,14,FALSE),"") -> Over Weight | K64: =IFERROR(VLOOKUP($A64,'Medical Examinations'!$A:$O,15,FALSE),"") -> Normal | L64: =IFERROR(VLOOKUP($A64,'Hospitalisation Details'!$A:$Q,7,FALSE),"") -> 22-Nov-1976 | M64: =IFERROR(VLOOKUP($A64,'Hospitalisation Details'!$A:$Q,10,FALSE),"") -> 10665.44 | N64: =IFERROR(VLOOKUP($A64,'Hospitalisation Details'!$A:$Q,11,FALSE),"") -> tier - 3 | O64: =IFERROR(VLOOKUP($A64,'Hospitalisation Details'!$A:$Q,13,FALSE),"") -> tier - 2 | P64: =IFERROR(VLOOKUP($A64,'Hospitalisation Details'!$A:$Q,15,FALSE),"") -> R1021 | Q64: =IFERROR(VLOOKUP($A64,'Hospitalisation Details'!$A:$Q,8,FALSE),"") -> 46
A65: ='Customer Names'!A1056 -> Id1055 | B65: =IFERROR(VLOOKUP($A65,'Customer Names'!$A:$F,3,FALSE),"") -> Burnett | C65: =IFERROR(VLOOKUP($A65,'Medical Examinations'!$A:$O,2,FALSE),"") -> 25.66 | D65: =IFERROR(VLOOKUP($A65,'Medical Examinations'!$A:$O,3,FALSE),"") -> 4.62 | E65: =IFERROR(VLOOKUP($A65,'Medical Examinations'!$A:$O,4,FALSE),"") -> Yes | F65: =IFERROR(VLOOKUP($A65,'Medical Examinations'!$A:$O,6,FALSE),"") -> No | G65: =IFERROR(VLOOKUP($A65,'Medical Examinations'!$A:$O,7,FALSE),"") -> No | H65: =IFERROR(VLOOKUP($A65,'Medical Examinations'!$A:$O,8,FALSE),"") -> 1 | I65: =IFERROR(VLOOKUP($A65,'Medical Examinations'!$A:$O,10,FALSE),"") -> No | J65: =IFERROR(VLOOKUP($A65,'Medical Examinations'!$A:$O,14,FALSE),"") -> Over Weight | K65: =IFERROR(VLOOKUP($A65,'Medical Examinations'!$A:$O,15,FALSE),"") -> Normal | L65: =IFERROR(VLOOKUP($A65,'Hospitalisation Details'!$A:$Q,7,FALSE),"") -> 8-Aug-1964 | M65: =IFERROR(VLOOKUP($A65,'Hospitalisation Details'!$A:$Q,10,FALSE),"") -> 10627.81 | N65: =IFERROR(VLOOKUP($A65,'Hospitalisation Details'!$A:$Q,11,FALSE),"") -> tier - 3 | O65: =IFERROR(VLOOKUP($A65,'Hospitalisation Details'!$A:$Q,13,FALSE),"") -> tier - 3 | P65: =IFERROR(VLOOKUP($A65,'Hospitalisation Details'!$A:$Q,15,FALSE),"") -> R1013 | Q65: =IFERROR(VLOOKUP($A65,'Hospitalisation Details'!$A:$Q,8,FALSE),"") -> 58
A66: ='Customer Names'!A1057 -> Id1056 | B66: =IFERROR(VLOOKUP($A66,'Customer Names'!$A:$F,3,FALSE),"") -> Clason | C66: =IFERROR(VLOOKUP($A66,'Medical Examinations'!$A:$O,2,FALSE),"") -> 39.11 | D66: =IFERROR(VLOOKUP($A66,'Medical Examinations'!$A:$O,3,FALSE),"") -> 5.87 | E66: =IFERROR(VLOOKUP($A66,'Medical Examinations'!$A:$O,4,FALSE),"") -> No | F66: =IFERROR(VLOOKUP($A66,'Medical Examinations'!$A:$O,6,FALSE),"") -> No | G66: =IFERROR(VLOOKUP($A66,'Medical Examinations'!$A:$O,7,FALSE),"") -> No | H66: =IFERROR(VLOOKUP($A66,'Medical Examinations'!$A:$O,8,FALSE),"") -> 0 | I66: =IFERROR(VLOOKUP($A66,'Medical Examinations'!$A:$O,10,FALSE),"") -> No | J66: =IFERROR(VLOOKUP($A66,'Medical Examinations'!$A:$O,14,FALSE),"") -> Obesity | K66: =IFERROR(VLOOKUP($A66,'Medical Examinations'!$A:$O,15,FALSE),"") -> Prediabetes | L66: =IFERROR(VLOOKUP($A66,'Hospitalisation Details'!$A:$Q,7,FALSE),"") -> 6-Jul-1990 | M66: =IFERROR(VLOOKUP($A66,'Hospitalisation Details'!$A:$Q,10,FALSE),"") -> 10620.26 | N66: =IFERROR(VLOOKUP($A66,'Hospitalisation Details'!$A:$Q,11,FALSE),"") -> tier - 3 | O66: =IFERROR(VLOOKUP($A66,'Hospitalisation Details'!$A:$Q,13,FALSE),"") -> tier - 3 | P66: =IFERROR(VLOOKUP($A66,'Hospitalisation Details'!$A:$Q,15,FALSE),"") -> R1012 | Q66: =IFERROR(VLOOKUP($A66,'Hospitalisation Details'!$A:$Q,8,FALSE),"") -> 32
A67: ='Customer Names'!A1058 -> Id1057 | B67: =IFERROR(VLOOKUP($A67,'Customer Names'!$A:$F,3,FALSE),"") -> Donnelly | C67: =IFERROR(VLOOKUP($A67,'Medical Examinations'!$A:$O,2,FALSE),"") -> 43.78 | D67: =IFERROR(VLOOKUP($A67,'Medical Examinations'!$A:$O,3,FALSE),"") -> 5.71 | E67: =IFERROR(VLOOKUP($A67,'Medical Examinations'!$A:$O,4,FALSE),"") -> No | F67: =IFERROR(VLOOKUP($A67,'Medical Examinations'!$A:$O,6,FALSE),"") -> No | G67: =IFERROR(VLOOKUP($A67,'Medical Examinations'!$A:$O,7,FALSE),"") -> No | H67: =IFERROR(VLOOKUP($A67,'Medical Examinations'!$A:$O,8,FALSE),"") -> 1 | I67: =IFERROR(VLOOKUP($A67,'Medical Examinations'!$A:$O,10,FALSE),"") -> No | J67: =IFERROR(VLOOKUP($A67,'Medical Examinations'!$A:$O,14,FALSE),"") -> Obesity | K67: =IFERROR(VLOOKUP($A67,'Medical Examinations'!$A:$O,15,FALSE),"") -> Prediabetes | L67: =IFERROR(VLOOKUP($A67,'Hospitalisation Details'!$A:$Q,7,FALSE),"") -> 23-Jul-1992 | M67: =IFERROR(VLOOKUP($A67,'Hospitalisation Details'!$A:$Q,10,FALSE),"") -> 10617.04 | N67: =IFERROR(VLOOKUP($A67,'Hospitalisation Details'!$A:$Q,11,FALSE),"") -> tier - 3 | O67: =IFERROR(VLOOKUP($A67,'Hospitalisation Details'!$A:$Q,13,FALSE),"") -> tier - 3 | P67: =IFERROR(VLOOKUP($A67,'Hospitalisation Details'!$A:$Q,15,FALSE),"") -> R1026 | Q67: =IFERROR(VLOOKUP($A67,'Hospitalisation Details'!$A:$Q,8,FALSE),"") -> 30
A68: ='Customer Names'!A1059 -> Id1058 | B68: =IFERROR(VLOOKUP($A68,'Customer Names'!$A:$F,3,FALSE),"") -> Pietz | C68: =IFERROR(VLOOKUP($A68,'Medical Examinations'!$A:$O,2,FALSE),"") -> 24.35 | D68: =IFERROR(VLOOKUP($A68,'Medical Examinations'!$A:$O,3,FALSE),"") -> 9.08 | E68: =IFERROR(VLOOKUP($A68,'Medical Examinations'!$A:$O,4,FALSE),"") -> No | F68: =IFERROR(VLOOKUP($A68,'Medical Examinations'!$A:$O,6,FALSE),"") -> No | G68: =IFERROR(VLOOKUP($A68,'Medical Examinations'!$A:$O,7,FALSE),"") -> No | H68: =IFERROR(VLOOKUP($A68,'Medical Examinations'!$A:$O,8,FALSE),"") -> 0 | I68: =IFERROR(VLOOKUP($A68,'Medical Examinations'!$A:$O,10,FALSE),"") -> No | J68: =IFERROR(VLOOKUP($A68,'Medical Examinations'!$A:$O,14,FALSE),"") -> Normal Weight | K68: =IFERROR(VLOOKUP($A68,'Medical Examinations'!$A:$O,15,FALSE),"") -> Diabetes | L68: =IFERROR(VLOOKUP($A68,'Hospitalisation Details'!$A:$Q,7,FALSE),"") -> 27-Jun-1965 | M68: =IFERROR(VLOOKUP($A68,'Hospitalisation Details'!$A:$Q,10,FALSE),"") -> 10608.67 | N68: =IFERROR(VLOOKUP($A68,'Hospitalisation Details'!$A:$Q,11,FALSE),"") -> tier - 3 | O68: =IFERROR(VLOOKUP($A68,'Hospitalisation Details'!$A:$Q,13,FALSE),"") -> tier - 3 | P68: =IFERROR(VLOOKUP($A68,'Hospitalisation Details'!$A:$Q,15,FALSE),"") -> R1012 | Q68: =IFERROR(VLOOKUP($A68,'Hospitalisation Details'!$A:$Q,8,FALSE),"") -> 57
A69: ='Customer Names'!A1060 -> Id1059 | B69: =IFERROR(VLOOKUP($A69,'Customer Names'!$A:$F,3,FALSE),"") -> Tegenkamp | C69: =IFERROR(VLOOKUP($A69,'Medical Examinations'!$A:$O,2,FALSE),"") -> 40.3 | D69: =IFERROR(VLOOKUP($A69,'Medical Examinations'!$A:$O,3,FALSE),"") -> 5.3 | E69: =IFERROR(VLOOKUP($A69,'Medical Examinations'!$A:$O,4,FALSE),"") -> Yes | F69: =IFERROR(VLOOKUP($A69,'Medical Examinations'!$A:$O,6,FALSE),"") -> No | G69: =IFERROR(VLOOKUP($A69,'Medical Examinations'!$A:$O,7,FALSE),"") -> No | H69: =IFERROR(VLOOKUP($A69,'Medical Examinations'!$A:$O,8,FALSE),"") -> 2 | I69: =IFERROR(VLOOKUP($A69,'Medical Examinations'!$A:$O,10,FALSE),"") -> No | J69: =IFERROR(VLOOKUP($A69,'Medical Examinations'!$A:$O,14,FALSE),"") -> Obesity | K69: =IFERROR(VLOOKUP($A69,'Medical Examinations'!$A:$O,15,FALSE),"") -> Normal | L69: =IFERROR(VLOOKUP($A69,'Hospitalisation Details'!$A:$Q,7,FALSE),"") -> 2-Jul-1966 | M69: =IFERROR(VLOOKUP($A69,'Hospitalisation Details'!$A:$Q,10,FALSE),"") -> 10602.39 | N69: =IFERROR(VLOOKUP($A69,'Hospitalisation Details'!$A:$Q,11,FALSE),"") -> tier - 3 | O69: =IFERROR(VLOOKUP($A69,'Hospitalisation Details'!$A:$Q,13,FALSE),"") -> tier - 3 | P69: =IFERROR(VLOOKUP($A69,'Hospitalisation Details'!$A:$Q,15,FALSE),"") -> R1011 | Q69: =IFERROR(VLOOKUP($A69,'Hospitalisation Details'!$A:$Q,8,FALSE),"") -> 56
A70: ='Customer Names'!A107 -> Id106 | B70: =IFERROR(VLOOKUP($A70,'Customer Names'!$A:$F,3,FALSE),"") -> Loudon-Brown | C70: =IFERROR(VLOOKUP($A70,'Medical Examinations'!$A:$O,2,FALSE),"") -> 43.83 | D70: =IFERROR(VLOOKUP($A70,'Medical Examinations'!$A:$O,3,FALSE),"") -> 6.03 | E70: =IFERROR(VLOOKUP($A70,'Medical Examinations'!$A:$O,4,FALSE),"") -> Yes | F70: =IFERROR(VLOOKUP($A70,'Medical Examinations'!$A:$O,6,FALSE),"") -> No | G70: =IFERROR(VLOOKUP($A70,'Medical Examinations'!$A:$O,7,FALSE),"") -> No | H70: =IFERROR(VLOOKUP($A70,'Medical Examinations'!$A:$O,8,FALSE),"") -> 2 | I70: =IFERROR(VLOOKUP($A70,'Medical Examinations'!$A:$O,10,FALSE),"") -> Yes | J70: =IFERROR(VLOOKUP($A70,'Medical Examinations'!$A:$O,14,FALSE),"") -> Obesity | K70: =IFERROR(VLOOKUP($A70,'Medical Examinations'!$A:$O,15,FALSE),"") -> Prediabetes | L70: =IFERROR(VLOOKUP($A70,'Hospitalisation Details'!$A:$Q,7,FALSE),"") -> 12-Aug-1966 | M70: =IFERROR(VLOOKUP($A70,'Hospitalisation Details'!$A:$Q,10,FALSE),"") -> 40069.44 | N70: =IFERROR(VLOOKUP($A70,'Hospitalisation Details'!$A:$Q,11,FALSE),"") -> tier - 1 | O70: =IFERROR(VLOOKUP($A70,'Hospitalisation Details'!$A:$Q,13,FALSE),"") -> tier - 3 | P70: =IFERROR(VLOOKUP($A70,'Hospitalisation Details'!$A:$Q,15,FALSE),"") -> R1011 | Q70: =IFERROR(VLOOKUP($A70,'Hospitalisation Details'!$A:$Q,8,FALSE),"") -> 56
A71: ='Customer Names'!A1061 -> Id1060 | B71: =IFERROR(VLOOKUP($A71,'Customer Names'!$A:$F,3,FALSE),"") -> Dover | C71: =IFERROR(VLOOKUP($A71,'Medical Examinations'!$A:$O,2,FALSE),"") -> 32.775 | D71: =IFERROR(VLOOKUP($A71,'Medical Examinations'!$A:$O,3,FALSE),"") -> 11.76 | E71: =IFERROR(VLOOKUP($A71,'Medical Examinations'!$A:$O,4,FALSE),"") -> Yes | F71: =IFERROR(VLOOKUP($A71,'Medical Examinations'!$A:$O,6,FALSE),"") -> No | G71: =IFERROR(VLOOKUP($A71,'Medical Examinations'!$A:$O,7,FALSE),"") -> No | H71: =IFERROR(VLOOKUP($A71,'Medical Examinations'!$A:$O,8,FALSE),"") -> 0 | I71: =IFERROR(VLOOKUP($A71,'Medical Examinations'!$A:$O,10,FALSE),"") -> No | J71: =IFERROR(VLOOKUP($A71,'Medical Examinations'!$A:$O,14,FALSE),"") -> Obesity | K71: =IFERROR(VLOOKUP($A71,'Medical Examinations'!$A:$O,15,FALSE),"") -> Diabetes | L71: =IFERROR(VLOOKUP($A71,'Hospitalisation Details'!$A:$Q,7,FALSE),"") -> 23-Jun-1967 | M71: =IFERROR(VLOOKUP($A71,'Hospitalisation Details'!$A:$Q,10,FALSE),"") -> 10601.63 | N71: =IFERROR(VLOOKUP($A71,'Hospitalisation Details'!$A:$Q,11,FALSE),"") -> tier - 3 | O71: =IFERROR(VLOOKUP($A71,'Hospitalisation Details'!$A:$Q,13,FALSE),"") -> tier - 2 | P71: =IFERROR(VLOOKUP($A71,'Hospitalisation Details'!$A:$Q,15,FALSE),"") -> R1012 | Q71: =IFERROR(VLOOKUP($A71,'Hospitalisation Details'!$A:$Q,8,FALSE),"") -> 55
A72: ='Customer Names'!A1062 -> Id1061 | B72: =IFERROR(VLOOKUP($A72,'Customer Names'!$A:$F,3,FALSE),"") -> Dockemeyer | C72: =IFERROR(VLOOKUP($A72,'Medical Examinations'!$A:$O,2,FALSE),"") -> 39.6 | D72: =IFERROR(VLOOKUP($A72,'Medical Examinations'!$A:$O,3,FALSE),"") -> 5.11 | E72: =IFERROR(VLOOKUP($A72,'Medical Examinations'!$A:$O,4,FALSE),"") -> Yes | F72: =IFERROR(VLOOKUP($A72,'Medical Examinations'!$A:$O,6,FALSE),"") -> No | G72: =IFERROR(VLOOKUP($A72,'Medical Examinations'!$A:$O,7,FALSE),"") -> No | H72: =IFERROR(VLOOKUP($A72,'Medical Examinations'!$A:$O,8,FALSE),"") -> 2 | I72: =IFERROR(VLOOKUP($A72,'Medical Examinations'!$A:$O,10,FALSE),"") -> No | J72: =IFERROR(VLOOKUP($A72,'Medical Examinations'!$A:$O,14,FALSE),"") -> Obesity | K72: =IFERROR(VLOOKUP($A72,'Medical Examinations'!$A:$O,15,FALSE),"") -> Normal | L72: =IFERROR(VLOOKUP($A72,'Hospitalisation Details'!$A:$Q,7,FALSE),"") -> 20-Jul-1966 | M72: =IFERROR(VLOOKUP($A72,'Hospitalisation Details'!$A:$Q,10,FALSE),"") -> 10601.41 | N72: =IFERROR(VLOOKUP($A72,'Hospitalisation Details'!$A:$Q,11,FALSE),"") -> tier - 3 | O72: =IFERROR(VLOOKUP($A72,'Hospitalisation Details'!$A:$Q,13,FALSE),"") -> tier - 2 | P72: =IFERROR(VLOOKUP($A72,'Hospitalisation Details'!$A:$Q,15,FALSE),"") -> R1011 | Q72: =IFERROR(VLOOKUP($A72,'Hospitalisation Details'!$A:$Q,8,FALSE),"") -> 56
A73: ='Customer Names'!A1063 -> Id1062 | B73: =IFERROR(VLOOKUP($A73,'Customer Names'!$A:$F,3,FALSE),"") -> Steele | C73: =IFERROR(VLOOKUP($A73,'Medical Examinations'!$A:$O,2,FALSE),"") -> 30.97 | D73: =IFERROR(VLOOKUP($A73,'Medical Examinations'!$A:$O,3,FALSE),"") -> 5.54 | E73: =IFERROR(VLOOKUP($A73,'Medical Examinations'!$A:$O,4,FALSE),"") -> No | F73: =IFERROR(VLOOKUP($A73,'Medical Examinations'!$A:$O,6,FALSE),"") -> No | G73: =IFERROR(VLOOKUP($A73,'Medical Examinations'!$A:$O,7,FALSE),"") -> No | H73: =IFERROR(VLOOKUP($A73,'Medical Examinations'!$A:$O,8,FALSE),"") -> 2 | I73: =IFERROR(VLOOKUP($A73,'Medical Examinations'!$A:$O,10,FALSE),"") -> No | J73: =IFERROR(VLOOKUP($A73,'Medical Examinations'!$A:$O,14,FALSE),"") -> Obesity | K73: =IFERROR(VLOOKUP($A73,'Medical Examinations'!$A:$O,15,FALSE),"") -> Normal | L73: =IFERROR(VLOOKUP($A73,'Hospitalisation Details'!$A:$Q,7,FALSE),"") -> 14-Dec-1972 | M73: =IFERROR(VLOOKUP($A73,'Hospitalisation Details'!$A:$Q,10,FALSE),"") -> 10600.55 | N73: =IFERROR(VLOOKUP($A73,'Hospitalisation Details'!$A:$Q,11,FALSE),"") -> tier - 3 | O73: =IFERROR(VLOOKUP($A73,'Hospitalisation Details'!$A:$Q,13,FALSE),"") -> tier - 1 | P73: =IFERROR(VLOOKUP($A73,'Hospitalisation Details'!$A:$Q,15,FALSE),"") -> R1012 | Q73: =IFERROR(VLOOKUP($A73,'Hospitalisation Details'!$A:$Q,8,FALSE),"") -> 50
A74: ='Customer Names'!A1064 -> Id1063 | B74: =IFERROR(VLOOKUP($A74,'Customer Names'!$A:$F,3,FALSE),"") -> Harel | C74: =IFERROR(VLOOKUP($A74,'Medical Examinations'!$A:$O,2,FALSE),"") -> 27.645 | D74: =IFERROR(VLOOKUP($A74,'Medical Examinations'!$A:$O,3,FALSE),"") -> 8.87 | E74: =IFERROR(VLOOKUP($A74,'Medical Examinations'!$A:$O,4,FALSE),"") -> Yes | F74: =IFERROR(VLOOKUP($A74,'Medical Examinations'!$A:$O,6,FALSE),"") -> No | G74: =IFERROR(VLOOKUP($A74,'Medical Examinations'!$A:$O,7,FALSE),"") -> No | H74: =IFERROR(VLOOKUP($A74,'Medical Examinations'!$A:$O,8,FALSE),"") -> 0 | I74: =IFERROR(VLOOKUP($A74,'Medical Examinations'!$A:$O,10,FALSE),"") -> No | J74: =IFERROR(VLOOKUP($A74,'Medical Examinations'!$A:$O,14,FALSE),"") -> Over Weight | K74: =IFERROR(VLOOKUP($A74,'Medical Examinations'!$A:$O,15,FALSE),"") -> Diabetes | L74: =IFERROR(VLOOKUP($A74,'Hospitalisation Details'!$A:$Q,7,FALSE),"") -> 29-Nov-1967 | M74: =IFERROR(VLOOKUP($A74,'Hospitalisation Details'!$A:$Q,10,FALSE),"") -> 10594.5 | N74: =IFERROR(VLOOKUP($A74,'Hospitalisation Details'!$A:$Q,11,FALSE),"") -> tier - 3 | O74: =IFERROR(VLOOKUP($A74,'Hospitalisation Details'!$A:$Q,13,FALSE),"") -> tier - 1 | P74: =IFERROR(VLOOKUP($A74,'Hospitalisation Details'!$A:$Q,15,FALSE),"") -> R1012 | Q74: =IFERROR(VLOOKUP($A74,'Hospitalisation Details'!$A:$Q,8,FALSE),"") -> 55
A75: ='Customer Names'!A1065 -> Id1064 | B75: =IFERROR(VLOOKUP($A75,'Customer Names'!$A:$F,3,FALSE),"") -> Aguila | C75: =IFERROR(VLOOKUP($A75,'Medical Examinations'!$A:$O,2,FALSE),"") -> 34.43 | D75: =IFERROR(VLOOKUP($A75,'Medical Examinations'!$A:$O,3,FALSE),"") -> 5.96 | E75: =IFERROR(VLOOKUP($A75,'Medical Examinations'!$A:$O,4,FALSE),"") -> Yes | F75: =IFERROR(VLOOKUP($A75,'Medical Examinations'!$A:$O,6,FALSE),"") -> No | G75: =IFERROR(VLOOKUP($A75,'Medical Examinations'!$A:$O,7,FALSE),"") -> No | H75: =IFERROR(VLOOKUP($A75,'Medical Examinations'!$A:$O,8,FALSE),"") -> 2 | I75: =IFERROR(VLOOKUP($A75,'Medical Examinations'!$A:$O,10,FALSE),"") -> No | J75: =IFERROR(VLOOKUP($A75,'Medical Examinations'!$A:$O,14,FALSE),"") -> Obesity | K75: =IFERROR(VLOOKUP($A75,'Medical Examinations'!$A:$O,15,FALSE),"") -> Prediabetes | L75: =IFERROR(VLOOKUP($A75,'Hospitalisation Details'!$A:$Q,7,FALSE),"") -> 3-Nov-1966 | M75: =IFERROR(VLOOKUP($A75,'Hospitalisation Details'!$A:$Q,10,FALSE),"") -> 10594.23 | N75: =IFERROR(VLOOKUP($A75,'Hospitalisation Details'!$A:$Q,11,FALSE),"") -> tier - 3 | O75: =IFERROR(VLOOKUP($A75,'Hospitalisation Details'!$A:$Q,13,FALSE),"") -> tier - 3 | P75: =IFERROR(VLOOKUP($A75,'Hospitalisation Details'!$A:$Q,15,FALSE),"") -> R1013 | Q75: =IFERROR(VLOOKUP($A75,'Hospitalisation Details'!$A:$Q,8,FALSE),"") -> 56
A76: ='Customer Names'!A1066 -> Id1065 | B76: =IFERROR(VLOOKUP($A76,'Customer Names'!$A:$F,3,FALSE),"") -> Vallejo Sarmiento | C76: =IFERROR(VLOOKUP($A76,'Medical Examinations'!$A:$O,2,FALSE),"") -> 39.6 | D76: =IFERROR(VLOOKUP($A76,'Medical Examinations'!$A:$O,3,FALSE),"") -> 4.44 | E76: =IFERROR(VLOOKUP($A76,'Medical Examinations'!$A:$O,4,FALSE),"") -> Yes | F76: =IFERROR(VLOOKUP($A76,'Medical Examinations'!$A:$O,6,FALSE),"") -> No | G76: =IFERROR(VLOOKUP($A76,'Medical Examinations'!$A:$O,7,FALSE),"") -> Yes | H76: =IFERROR(VLOOKUP($A76,'Medical Examinations'!$A:$O,8,FALSE),"") -> 1 | I76: =IFERROR(VLOOKUP($A76,'Medical Examinations'!$A:$O,10,FALSE),"") -> No | J76: =IFERROR(VLOOKUP($A76,'Medical Examinations'!$A:$O,14,FALSE),"") -> Obesity | K76: =IFERROR(VLOOKUP($A76,'Medical Examinations'!$A:$O,15,FALSE),"") -> Normal | L76: =IFERROR(VLOOKUP($A76,'Hospitalisation Details'!$A:$Q,7,FALSE),"") -> 25-Dec-1969 | M76: =IFERROR(VLOOKUP($A76,'Hospitalisation Details'!$A:$Q,10,FALSE),"") -> 10579.71 | N76: =IFERROR(VLOOKUP($A76,'Hospitalisation Details'!$A:$Q,11,FALSE),"") -> tier - 3 | O76: =IFERROR(VLOOKUP($A76,'Hospitalisation Details'!$A:$Q,13,FALSE),"") -> tier - 3 | P76: =IFERROR(VLOOKUP($A76,'Hospitalisation Details'!$A:$Q,15,FALSE),"") -> R1013 | Q76: =IFERROR(VLOOKUP($A76,'Hospitalisation Details'!$A:$Q,8,FALSE),"") -> 53
A77: ='Customer Names'!A1067 -> Id1066 | B77: =IFERROR(VLOOKUP($A77,'Customer Names'!$A:$F,3,FALSE),"") -> Beisheim | C77: =IFERROR(VLOOKUP($A77,'Medical Examinations'!$A:$O,2,FALSE),"") -> 22.1 | D77: =IFERROR(VLOOKUP($A77,'Medical Examinations'!$A:$O,3,FALSE),"") -> 4.65 | E77: =IFERROR(VLOOKUP($A77,'Medical Examinations'!$A:$O,4,FALSE),"") -> Yes | F77: =IFERROR(VLOOKUP($A77,'Medical Examinations'!$A:$O,6,FALSE),"") -> No | G77: =IFERROR(VLOOKUP($A77,'Medical Examinations'!$A:$O,7,FALSE),"") -> No | H77: =IFERROR(VLOOKUP($A77,'Medical Examinations'!$A:$O,8,FALSE),"") -> 2 | I77: =IFERROR(VLOOKUP($A77,'Medical Examinations'!$A:$O,10,FALSE),"") -> No | J77: =IFERROR(VLOOKUP($A77,'Medical Examinations'!$A:$O,14,FALSE),"") -> Normal Weight | K77: =IFERROR(VLOOKUP($A77,'Medical Examinations'!$A:$O,15,FALSE),"") -> Normal | L77: =IFERROR(VLOOKUP($A77,'Hospitalisation Details'!$A:$Q,7,FALSE),"") -> 11-Dec-1966 | M77: =IFERROR(VLOOKUP($A77,'Hospitalisation Details'!$A:$Q,10,FALSE),"") -> 10577.09 | N77: =IFERROR(VLOOKUP($A77,'Hospitalisation Details'!$A:$Q,11,FALSE),"") -> tier - 3 | O77: =IFERROR(VLOOKUP($A77,'Hospitalisation Details'!$A:$Q,13,FALSE),"") -> tier - 3 | P77: =IFERROR(VLOOKUP($A77,'Hospitalisation Details'!$A:$Q,15,FALSE),"") -> R1011 | Q77: =IFERROR(VLOOKUP($A77,'Hospitalisation Details'!$A:$Q,8,FALSE),"") -> 56
A78: ='Customer Names'!A1068 -> Id1067 | B78: =IFERROR(VLOOKUP($A78,'Customer Names'!$A:$F,3,FALSE),"") -> Lenhoff | C78: =IFERROR(VLOOKUP($A78,'Medical Examinations'!$A:$O,2,FALSE),"") -> 33.25 | D78: =IFERROR(VLOOKUP($A78,'Medical Examinations'!$A:$O,3,FALSE),"") -> 5.64 | E78: =IFERROR(VLOOKUP($A78,'Medical Examinations'!$A:$O,4,FALSE),"") -> Yes | F78: =IFERROR(VLOOKUP($A78,'Medical Examinations'!$A:$O,6,FALSE),"") -> No | G78: =IFERROR(VLOOKUP($A78,'Medical Examinations'!$A:$O,7,FALSE),"") -> Yes | H78: =IFERROR(VLOOKUP($A78,'Medical Examinations'!$A:$O,8,FALSE),"") -> 1 | I78: =IFERROR(VLOOKUP($A78,'Medical Examinations'!$A:$O,10,FALSE),"") -> No | J78: =IFERROR(VLOOKUP($A78,'Medical Examinations'!$A:$O,14,FALSE),"") -> Obesity | K78: =IFERROR(VLOOKUP($A78,'Medical Examinations'!$A:$O,15,FALSE),"") -> Normal | L78: =IFERROR(VLOOKUP($A78,'Hospitalisation Details'!$A:$Q,7,FALSE),"") -> 17-Jul-1969 | M78: =IFERROR(VLOOKUP($A78,'Hospitalisation Details'!$A:$Q,10,FALSE),"") -> 10564.88 | N78: =IFERROR(VLOOKUP($A78,'Hospitalisation Details'!$A:$Q,11,FALSE),"") -> tier - 3 | O78: =IFERROR(VLOOKUP($A78,'Hospitalisation Details'!$A:$Q,13,FALSE),"") -> tier - 1 | P78: =IFERROR(VLOOKUP($A78,'Hospitalisation Details'!$A:$Q,15,FALSE),"") -> R1024 | Q78: =IFERROR(VLOOKUP($A78,'Hospitalisation Details'!$A:$Q,8,FALSE),"") -> 53
A79: ='Customer Names'!A1069 -> Id1068 | B79: =IFERROR(VLOOKUP($A79,'Customer Names'!$A:$F,3,FALSE),"") -> Wehrwein | C79: =IFERROR(VLOOKUP($A79,'Medical Examinations'!$A:$O,2,FALSE),"") -> 33.33 | D79: =IFERROR(VLOOKUP($A79,'Medical Examinations'!$A:$O,3,FALSE),"") -> 10.19 | E79: =IFERROR(VLOOKUP($A79,'Medical Examinations'!$A:$O,4,FALSE),"") -> No | F79: =IFERROR(VLOOKUP($A79,'Medical Examinations'!$A:$O,6,FALSE),"") -> No | G79: =IFERROR(VLOOKUP($A79,'Medical Examinations'!$A:$O,7,FALSE),"") -> No | H79: =IFERROR(VLOOKUP($A79,'Medical Examinations'!$A:$O,8,FALSE),"") -> 0 | I79: =IFERROR(VLOOKUP($A79,'Medical Examinations'!$A:$O,10,FALSE),"") -> No | J79: =IFERROR(VLOOKUP($A79,'Medical Examinations'!$A:$O,14,FALSE),"") -> Obesity | K79: =IFERROR(VLOOKUP($A79,'Medical Examinations'!$A:$O,15,FALSE),"") -> Diabetes | L79: =IFERROR(VLOOKUP($A79,'Hospitalisation Details'!$A:$Q,7,FALSE),"") -> 29-Jun-1971 | M79: =IFERROR(VLOOKUP($A79,'Hospitalisation Details'!$A:$Q,10,FALSE),"") -> 10560.49 | N79: =IFERROR(VLOOKUP($A79,'Hospitalisation Details'!$A:$Q,11,FALSE),"") -> tier - 3 | O79: =IFERROR(VLOOKUP($A79,'Hospitalisation Details'!$A:$Q,13,FALSE),"") -> tier - 2 | P79: =IFERROR(VLOOKUP($A79,'Hospitalisation Details'!$A:$Q,15,FALSE),"") -> R1013 | Q79: =IFERROR(VLOOKUP($A79,'Hospitalisation Details'!$A:$Q,8,FALSE),"") -> 51
A80: ='Customer Names'!A1070 -> Id1069 | B80: =IFERROR(VLOOKUP($A80,'Customer Names'!$A:$F,3,FALSE),"") -> Wallace | C80: =IFERROR(VLOOKUP($A80,'Medical Examinations'!$A:$O,2,FALSE),"") -> 30.5 | D80: =IFERROR(VLOOKUP($A80,'Medical Examinations'!$A:$O,3,FALSE),"") -> 10.79 | E80: =IFERROR(VLOOKUP($A80,'Medical Examinations'!$A:$O,4,FALSE),"") -> No | F80: =IFERROR(VLOOKUP($A80,'Medical Examinations'!$A:$O,6,FALSE),"") -> No | G80: =IFERROR(VLOOKUP($A80,'Medical Examinations'!$A:$O,7,FALSE),"") -> No | H80: =IFERROR(VLOOKUP($A80,'Medical Examinations'!$A:$O,8,FALSE),"") -> 0 | I80: =IFERROR(VLOOKUP($A80,'Medical Examinations'!$A:$O,10,FALSE),"") -> No | J80: =IFERROR(VLOOKUP($A80,'Medical Examinations'!$A:$O,14,FALSE),"") -> Obesity | K80: =IFERROR(VLOOKUP($A80,'Medical Examinations'!$A:$O,15,FALSE),"") -> Diabetes | L80: =IFERROR(VLOOKUP($A80,'Hospitalisation Details'!$A:$Q,7,FALSE),"") -> 26-Sep-1971 | M80: =IFERROR(VLOOKUP($A80,'Hospitalisation Details'!$A:$Q,10,FALSE),"") -> 10546.48 | N80: =IFERROR(VLOOKUP($A80,'Hospitalisation Details'!$A:$Q,11,FALSE),"") -> tier - 3 | O80: =IFERROR(VLOOKUP($A80,'Hospitalisation Details'!$A:$Q,13,FALSE),"") -> tier - 3 | P80: =IFERROR(VLOOKUP($A80,'Hospitalisation Details'!$A:$Q,15,FALSE),"") -> R1011 | Q80: =IFERROR(VLOOKUP($A80,'Hospitalisation Details'!$A:$Q,8,FALSE),"") -> 51
A81: ='Customer Names'!A108 -> Id107 | B81: =IFERROR(VLOOKUP($A81,'Customer Names'!$A:$F,3,FALSE),"") -> Sugathadasa | C81: =IFERROR(VLOOKUP($A81,'Medical Examinations'!$A:$O,2,FALSE),"") -> 50.07 | D81: =IFERROR(VLOOKUP($A81,'Medical Examinations'!$A:$O,3,FALSE),"") -> 9.27 | E81: =IFERROR(VLOOKUP($A81,'Medical Examinations'!$A:$O,4,FALSE),"") -> No | F81: =IFERROR(VLOOKUP($A81,'Medical Examinations'!$A:$O,6,FALSE),"") -> No | G81: =IFERROR(VLOOKUP($A81,'Medical Examinations'!$A:$O,7,FALSE),"") -> No | H81: =IFERROR(VLOOKUP($A81,'Medical Examinations'!$A:$O,8,FALSE),"") -> 0 | I81: =IFERROR(VLOOKUP($A81,'Medical Examinations'!$A:$O,10,FALSE),"") -> Yes | J81: =IFERROR(VLOOKUP($A81,'Medical Examinations'!$A:$O,14,FALSE),"") -> Obesity | K81: =IFERROR(VLOOKUP($A81,'Medical Examinations'!$A:$O,15,FALSE),"") -> Diabetes | L81: =IFERROR(VLOOKUP($A81,'Hospitalisation Details'!$A:$Q,7,FALSE),"") -> 20-Dec-1978 | M81: =IFERROR(VLOOKUP($A81,'Hospitalisation Details'!$A:$Q,10,FALSE),"") -> 40054.73 | N81: =IFERROR(VLOOKUP($A81,'Hospitalisation Details'!$A:$Q,11,FALSE),"") -> tier - 1 | O81: =IFERROR(VLOOKUP($A81,'Hospitalisation Details'!$A:$Q,13,FALSE),"") -> tier - 3 | P81: =IFERROR(VLOOKUP($A81,'Hospitalisation Details'!$A:$Q,15,FALSE),"") -> R1011 | Q81: =IFERROR(VLOOKUP($A81,'Hospitalisation Details'!$A:$Q,8,FALSE),"") -> 44
A82: ='Customer Names'!A1071 -> Id1070 | B82: =IFERROR(VLOOKUP($A82,'Customer Names'!$A:$F,3,FALSE),"") -> Markowitz | C82: =IFERROR(VLOOKUP($A82,'Medical Examinations'!$A:$O,2,FALSE),"") -> 30.3 | D82: =IFERROR(VLOOKUP($A82,'Medical Examinations'!$A:$O,3,FALSE),"") -> 4.24 | E82: =IFERROR(VLOOKUP($A82,'Medical Examinations'!$A:$O,4,FALSE),"") -> No | F82: =IFERROR(VLOOKUP($A82,'Medical Examinations'!$A:$O,6,FALSE),"") -> No | G82: =IFERROR(VLOOKUP($A82,'Medical Examinations'!$A:$O,7,FALSE),"") -> No | H82: =IFERROR(VLOOKUP($A82,'Medical Examinations'!$A:$O,8,FALSE),"") -> 0 | I82: =IFERROR(VLOOKUP($A82,'Medical Examinations'!$A:$O,10,FALSE),"") -> No | J82: =IFERROR(VLOOKUP($A82,'Medical Examinations'!$A:$O,14,FALSE),"") -> Obesity | K82: =IFERROR(VLOOKUP($A82,'Medical Examinations'!$A:$O,15,FALSE),"") -> Normal | L82: =IFERROR(VLOOKUP($A82,'Hospitalisation Details'!$A:$Q,7,FALSE),"") -> 25-Oct-1977 | M82: =IFERROR(VLOOKUP($A82,'Hospitalisation Details'!$A:$Q,10,FALSE),"") -> 10495.6 | N82: =IFERROR(VLOOKUP($A82,'Hospitalisation Details'!$A:$Q,11,FALSE),"") -> tier - 3 | O82: =IFERROR(VLOOKUP($A82,'Hospitalisation Details'!$A:$Q,13,FALSE),"") -> tier - 1 | P82: =IFERROR(VLOOKUP($A82,'Hospitalisation Details'!$A:$Q,15,FALSE),"") -> R1012 | Q82: =IFERROR(VLOOKUP($A82,'Hospitalisation Details'!$A:$Q,8,FALSE),"") -> 45
A83: ='Customer Names'!A1072 -> Id1071 | B83: =IFERROR(VLOOKUP($A83,'Customer Names'!$A:$F,3,FALSE),"") -> Vos | C83: =IFERROR(VLOOKUP($A83,'Medical Examinations'!$A:$O,2,FALSE),"") -> 26.22 | D83: =IFERROR(VLOOKUP($A83,'Medical Examinations'!$A:$O,3,FALSE),"") -> 5.83 | E83: =IFERROR(VLOOKUP($A83,'Medical Examinations'!$A:$O,4,FALSE),"") -> No | F83: =IFERROR(VLOOKUP($A83,'Medical Examinations'!$A:$O,6,FALSE),"") -> No | G83: =IFERROR(VLOOKUP($A83,'Medical Examinations'!$A:$O,7,FALSE),"") -> No | H83: =IFERROR(VLOOKUP($A83,'Medical Examinations'!$A:$O,8,FALSE),"") -> 2 | I83: =IFERROR(VLOOKUP($A83,'Medical Examinations'!$A:$O,10,FALSE),"") -> No | J83: =IFERROR(VLOOKUP($A83,'Medical Examinations'!$A:$O,14,FALSE),"") -> Over Weight | K83: =IFERROR(VLOOKUP($A83,'Medical Examinations'!$A:$O,15,FALSE),"") -> Prediabetes | L83: =IFERROR(VLOOKUP($A83,'Hospitalisation Details'!$A:$Q,7,FALSE),"") -> 19-Oct-1972 | M83: =IFERROR(VLOOKUP($A83,'Hospitalisation Details'!$A:$Q,10,FALSE),"") -> 10493.95 | N83: =IFERROR(VLOOKUP($A83,'Hospitalisation Details'!$A:$Q,11,FALSE),"") -> tier - 3 | O83: =IFERROR(VLOOKUP($A83,'Hospitalisation Details'!$A:$Q,13,FALSE),"") -> tier - 1 | P83: =IFERROR(VLOOKUP($A83,'Hospitalisation Details'!$A:$Q,15,FALSE),"") -> R1012 | Q83: =IFERROR(VLOOKUP($A83,'Hospitalisation Details'!$A:$Q,8,FALSE),"") -> 50
A84: ='Customer Names'!A1073 -> Id1072 | B84: =IFERROR(VLOOKUP($A84,'Customer Names'!$A:$F,3,FALSE),"") -> McLeod | C84: =IFERROR(VLOOKUP($A84,'Medical Examinations'!$A:$O,2,FALSE),"") -> 29.99 | D84: =IFERROR(VLOOKUP($A84,'Medical Examinations'!$A:$O,3,FALSE),"") -> 11.85 | E84: =IFERROR(VLOOKUP($A84,'Medical Examinations'!$A:$O,4,FALSE),"") -> No | F84: =IFERROR(VLOOKUP($A84,'Medical Examinations'!$A:$O,6,FALSE),"") -> No | G84: =IFERROR(VLOOKUP($A84,'Medical Examinations'!$A:$O,7,FALSE),"") -> No | H84: =IFERROR(VLOOKUP($A84,'Medical Examinations'!$A:$O,8,FALSE),"") -> 0 | I84: =IFERROR(VLOOKUP($A84,'Medical Examinations'!$A:$O,10,FALSE),"") -> No | J84: =IFERROR(VLOOKUP($A84,'Medical Examinations'!$A:$O,14,FALSE),"") -> Over Weight | K84: =IFERROR(VLOOKUP($A84,'Medical Examinations'!$A:$O,15,FALSE),"") -> Diabetes | L84: =IFERROR(VLOOKUP($A84,'Hospitalisation Details'!$A:$Q,7,FALSE),"") -> 21-Aug-1978 | M84: =IFERROR(VLOOKUP($A84,'Hospitalisation Details'!$A:$Q,10,FALSE),"") -> 10486.55 | N84: =IFERROR(VLOOKUP($A84,'Hospitalisation Details'!$A:$Q,11,FALSE),"") -> tier - 3 | O84: =IFERROR(VLOOKUP($A84,'Hospitalisation Details'!$A:$Q,13,FALSE),"") -> tier - 3 | P84: =IFERROR(VLOOKUP($A84,'Hospitalisation Details'!$A:$Q,15,FALSE),"") -> R1025 | Q84: =IFERROR(VLOOKUP($A84,'Hospitalisation Details'!$A:$Q,8,FALSE),"") -> 44
A85: ='Customer Names'!A1074 -> Id1073 | B85: =IFERROR(VLOOKUP($A85,'Customer Names'!$A:$F,3,FALSE),"") -> Balcom | C85: =IFERROR(VLOOKUP($A85,'Medical Examinations'!$A:$O,2,FALSE),"") -> 36.38 | D85: =IFERROR(VLOOKUP($A85,'Medical Examinations'!$A:$O,3,FALSE),"") -> 5.98 | E85: =IFERROR(VLOOKUP($A85,'Medical Examinations'!$A:$O,4,FALSE),"") -> No | F85: =IFERROR(VLOOKUP($A85,'Medical Examinations'!$A:$O,6,FALSE),"") -> No | G85: =IFERROR(VLOOKUP($A85,'Medical Examinations'!$A:$O,7,FALSE),"") -> No | H85: =IFERROR(VLOOKUP($A85,'Medical Examinations'!$A:$O,8,FALSE),"") -> 1 | I85: =IFERROR(VLOOKUP($A85,'Medical Examinations'!$A:$O,10,FALSE),"") -> No | J85: =IFERROR(VLOOKUP($A85,'Medical Examinations'!$A:$O,14,FALSE),"") -> Obesity | K85: =IFERROR(VLOOKUP($A85,'Medical Examinations'!$A:$O,15,FALSE),"") -> Prediabetes | L85: =IFERROR(VLOOKUP($A85,'Hospitalisation Details'!$A:$Q,7,FALSE),"") -> 28-Jun-1987 | M85: =IFERROR(VLOOKUP($A85,'Hospitalisation Details'!$A:$Q,10,FALSE),"") -> 10464.83 | N85: =IFERROR(VLOOKUP($A85,'Hospitalisation Details'!$A:$Q,11,FALSE),"") -> tier - 3 | O85: =IFERROR(VLOOKUP($A85,'Hospitalisation Details'!$A:$Q,13,FALSE),"") -> tier - 1 | P85: =IFERROR(VLOOKUP($A85,'Hospitalisation Details'!$A:$Q,15,FALSE),"") -> R1012 | Q85: =IFERROR(VLOOKUP($A85,'Hospitalisation Details'!$A:$Q,8,FALSE),"") -> 35
A86: ='Customer Names'!A1075 -> Id1074 | B86: =IFERROR(VLOOKUP($A86,'Customer Names'!$A:$F,3,FALSE),"") -> Dirth | C86: =IFERROR(VLOOKUP($A86,'Medical Examinations'!$A:$O,2,FALSE),"") -> 31.16 | D86: =IFERROR(VLOOKUP($A86,'Medical Examinations'!$A:$O,3,FALSE),"") -> 4.26 | E86: =IFERROR(VLOOKUP($A86,'Medical Examinations'!$A:$O,4,FALSE),"") -> Yes | F86: =IFERROR(VLOOKUP($A86,'Medical Examinations'!$A:$O,6,FALSE),"") -> No | G86: =IFERROR(VLOOKUP($A86,'Medical Examinations'!$A:$O,7,FALSE),"") -> Yes | H86: =IFERROR(VLOOKUP($A86,'Medical Examinations'!$A:$O,8,FALSE),"") -> 1 | I86: =IFERROR(VLOOKUP($A86,'Medical Examinations'!$A:$O,10,FALSE),"") -> No | J86: =IFERROR(VLOOKUP($A86,'Medical Examinations'!$A:$O,14,FALSE),"") -> Obesity | K86: =IFERROR(VLOOKUP($A86,'Medical Examinations'!$A:$O,15,FALSE),"") -> Normal | L86: =IFERROR(VLOOKUP($A86,'Hospitalisation Details'!$A:$Q,7,FALSE),"") -> 22-Sep-1969 | M86: =IFERROR(VLOOKUP($A86,'Hospitalisation Details'!$A:$Q,10,FALSE),"") -> 10461.98 | N86: =IFERROR(VLOOKUP($A86,'Hospitalisation Details'!$A:$Q,11,FALSE),"") -> tier - 3 | O86: =IFERROR(VLOOKUP($A86,'Hospitalisation Details'!$A:$Q,13,FALSE),"") -> tier - 1 | P86: =IFERROR(VLOOKUP($A86,'Hospitalisation Details'!$A:$Q,15,FALSE),"") -> R1012 | Q86: =IFERROR(VLOOKUP($A86,'Hospitalisation Details'!$A:$Q,8,FALSE),"") -> 53
A87: ='Customer Names'!A1076 -> Id1075 | B87: =IFERROR(VLOOKUP($A87,'Customer Names'!$A:$F,3,FALSE),"") -> Inglish | C87: =IFERROR(VLOOKUP($A87,'Medical Examinations'!$A:$O,2,FALSE),"") -> 25.55 | D87: =IFERROR(VLOOKUP($A87,'Medical Examinations'!$A:$O,3,FALSE),"") -> 4.96 | E87: =IFERROR(VLOOKUP($A87,'Medical Examinations'!$A:$O,4,FALSE),"") -> Yes | F87: =IFERROR(VLOOKUP($A87,'Medical Examinations'!$A:$O,6,FALSE),"") -> No | G87: =IFERROR(VLOOKUP($A87,'Medical Examinations'!$A:$O,7,FALSE),"") -> No | H87: =IFERROR(VLOOKUP($A87,'Medical Examinations'!$A:$O,8,FALSE),"") -> 1 | I87: =IFERROR(VLOOKUP($A87,'Medical Examinations'!$A:$O,10,FALSE),"") -> No | J87: =IFERROR(VLOOKUP($A87,'Medical Examinations'!$A:$O,14,FALSE),"") -> Over Weight | K87: =IFERROR(VLOOKUP($A87,'Medical Examinations'!$A:$O,15,FALSE),"") -> Normal | L87: =IFERROR(VLOOKUP($A87,'Hospitalisation Details'!$A:$Q,7,FALSE),"") -> 27-Jul-1964 | M87: =IFERROR(VLOOKUP($A87,'Hospitalisation Details'!$A:$Q,10,FALSE),"") -> 10459.19 | N87: =IFERROR(VLOOKUP($A87,'Hospitalisation Details'!$A:$Q,11,FALSE),"") -> tier - 3 | O87: =IFERROR(VLOOKUP($A87,'Hospitalisation Details'!$A:$Q,13,FALSE),"") -> tier - 1 | P87: =IFERROR(VLOOKUP($A87,'Hospitalisation Details'!$A:$Q,15,FALSE),"") -> R1013 | Q87: =IFERROR(VLOOKUP($A87,'Hospitalisation Details'!$A:$Q,8,FALSE),"") -> 58
A88: ='Customer Names'!A1077 -> Id1076 | B88: =IFERROR(VLOOKUP($A88,'Customer Names'!$A:$F,3,FALSE),"") -> Matthews | C88: =IFERROR(VLOOKUP($A88,'Medical Examinations'!$A:$O,2,FALSE),"") -> 28.77 | D88: =IFERROR(VLOOKUP($A88,'Medical Examinations'!$A:$O,3,FALSE),"") -> 4 | E88: =IFERROR(VLOOKUP($A88,'Medical Examinations'!$A:$O,4,FALSE),"") -> Yes | F88: =IFERROR(VLOOKUP($A88,'Medical Examinations'!$A:$O,6,FALSE),"") -> No | G88: =IFERROR(VLOOKUP($A88,'Medical Examinations'!$A:$O,7,FALSE),"") -> No | H88: =IFERROR(VLOOKUP($A88,'Medical Examinations'!$A:$O,8,FALSE),"") -> 0 | I88: =IFERROR(VLOOKUP($A88,'Medical Examinations'!$A:$O,10,FALSE),"") -> No | J88: =IFERROR(VLOOKUP($A88,'Medical Examinations'!$A:$O,14,FALSE),"") -> Over Weight | K88: =IFERROR(VLOOKUP($A88,'Medical Examinations'!$A:$O,15,FALSE),"") -> Normal | L88: =IFERROR(VLOOKUP($A88,'Hospitalisation Details'!$A:$Q,7,FALSE),"") -> 3-Aug-1976 | M88: =IFERROR(VLOOKUP($A88,'Hospitalisation Details'!$A:$Q,10,FALSE),"") -> 10455.14 | N88: =IFERROR(VLOOKUP($A88,'Hospitalisation Details'!$A:$Q,11,FALSE),"") -> tier - 3 | O88: =IFERROR(VLOOKUP($A88,'Hospitalisation Details'!$A:$Q,13,FALSE),"") -> tier - 2 | P88: =IFERROR(VLOOKUP($A88,'Hospitalisation Details'!$A:$Q,15,FALSE),"") -> R1021 | Q88: =IFERROR(VLOOKUP($A88,'Hospitalisation Details'!$A:$Q,8,FALSE),"") -> 46
A89: ='Customer Names'!A1078 -> Id1077 | B89: =IFERROR(VLOOKUP($A89,'Customer Names'!$A:$F,3,FALSE),"") -> Massa-Musiak | C89: =IFERROR(VLOOKUP($A89,'Medical Examinations'!$A:$O,2,FALSE),"") -> 23.14 | D89: =IFERROR(VLOOKUP($A89,'Medical Examinations'!$A:$O,3,FALSE),"") -> 4.15 | E89: =IFERROR(VLOOKUP($A89,'Medical Examinations'!$A:$O,4,FALSE),"") -> Yes | F89: =IFERROR(VLOOKUP($A89,'Medical Examinations'!$A:$O,6,FALSE),"") -> No | G89: =IFERROR(VLOOKUP($A89,'Medical Examinations'!$A:$O,7,FALSE),"") -> No | H89: =IFERROR(VLOOKUP($A89,'Medical Examinations'!$A:$O,8,FALSE),"") -> 1 | I89: =IFERROR(VLOOKUP($A89,'Medical Examinations'!$A:$O,10,FALSE),"") -> No | J89: =IFERROR(VLOOKUP($A89,'Medical Examinations'!$A:$O,14,FALSE),"") -> Normal Weight | K89: =IFERROR(VLOOKUP($A89,'Medical Examinations'!$A:$O,15,FALSE),"") -> Normal | L89: =IFERROR(VLOOKUP($A89,'Hospitalisation Details'!$A:$Q,7,FALSE),"") -> 14-Oct-1964 | M89: =IFERROR(VLOOKUP($A89,'Hospitalisation Details'!$A:$Q,10,FALSE),"") -> 10455.1 | N89: =IFERROR(VLOOKUP($A89,'Hospitalisation Details'!$A:$Q,11,FALSE),"") -> tier - 3 | O89: =IFERROR(VLOOKUP($A89,'Hospitalisation Details'!$A:$Q,13,FALSE),"") -> tier - 1 | P89: =IFERROR(VLOOKUP($A89,'Hospitalisation Details'!$A:$Q,15,FALSE),"") -> R1012 | Q89: =IFERROR(VLOOKUP($A89,'Hospitalisation Details'!$A:$Q,8,FALSE),"") -> 58
A90: ='Customer Names'!A1079 -> Id1078 | B90: =IFERROR(VLOOKUP($A90,'Customer Names'!$A:$F,3,FALSE),"") -> Bailey | C90: =IFERROR(VLOOKUP($A90,'Medical Examinations'!$A:$O,2,FALSE),"") -> 39.6 | D90: =IFERROR(VLOOKUP($A90,'Medical Examinations'!$A:$O,3,FALSE),"") -> 11.36 | E90: =IFERROR(VLOOKUP($A90,'Medical Examinations'!$A:$O,4,FALSE),"") -> No | F90: =IFERROR(VLOOKUP($A90,'Medical Examinations'!$A:$O,6,FALSE),"") -> No | G90: =IFERROR(VLOOKUP($A90,'Medical Examinations'!$A:$O,7,FALSE),"") -> No | H90: =IFERROR(VLOOKUP($A90,'Medical Examinations'!$A:$O,8,FALSE),"") -> 0 | I90: =IFERROR(VLOOKUP($A90,'Medical Examinations'!$A:$O,10,FALSE),"") -> No | J90: =IFERROR(VLOOKUP($A90,'Medical Examinations'!$A:$O,14,FALSE),"") -> Obesity | K90: =IFERROR(VLOOKUP($A90,'Medical Examinations'!$A:$O,15,FALSE),"") -> Diabetes | L90: =IFERROR(VLOOKUP($A90,'Hospitalisation Details'!$A:$Q,7,FALSE),"") -> 8-Nov-1968 | M90: =IFERROR(VLOOKUP($A90,'Hospitalisation Details'!$A:$Q,10,FALSE),"") -> 10450.55 | N90: =IFERROR(VLOOKUP($A90,'Hospitalisation Details'!$A:$Q,11,FALSE),"") -> tier - 3 | O90: =IFERROR(VLOOKUP($A90,'Hospitalisation Details'!$A:$Q,13,FALSE),"") -> tier - 1 | P90: =IFERROR(VLOOKUP($A90,'Hospitalisation Details'!$A:$Q,15,FALSE),"") -> R1011 | Q90: =IFERROR(VLOOKUP($A90,'Hospitalisation Details'!$A:$Q,8,FALSE),"") -> 54
A91: ='Customer Names'!A1080 -> Id1079 | B91: =IFERROR(VLOOKUP($A91,'Customer Names'!$A:$F,3,FALSE),"") -> Jacoby | C91: =IFERROR(VLOOKUP($A91,'Medical Examinations'!$A:$O,2,FALSE),"") -> 29.2 | D91: =IFERROR(VLOOKUP($A91,'Medical Examinations'!$A:$O,3,FALSE),"") -> 7.53 | E91: =IFERROR(VLOOKUP($A91,'Medical Examinations'!$A:$O,4,FALSE),"") -> No | F91: =IFERROR(VLOOKUP($A91,'Medical Examinations'!$A:$O,6,FALSE),"") -> No | G91: =IFERROR(VLOOKUP($A91,'Medical Examinations'!$A:$O,7,FALSE),"") -> No | H91: =IFERROR(VLOOKUP($A91,'Medical Examinations'!$A:$O,8,FALSE),"") -> 0 | I91: =IFERROR(VLOOKUP($A91,'Medical Examinations'!$A:$O,10,FALSE),"") -> No | J91: =IFERROR(VLOOKUP($A91,'Medical Examinations'!$A:$O,14,FALSE),"") -> Over Weight | K91: =IFERROR(VLOOKUP($A91,'Medical Examinations'!$A:$O,15,FALSE),"") -> Diabetes | L91: =IFERROR(VLOOKUP($A91,'Hospitalisation Details'!$A:$Q,7,FALSE),"") -> 29-Aug-1968 | M91: =IFERROR(VLOOKUP($A91,'Hospitalisation Details'!$A:$Q,10,FALSE),"") -> 10436.1 | N91: =IFERROR(VLOOKUP($A91,'Hospitalisation Details'!$A:$Q,11,FALSE),"") -> tier - 3 | O91: =IFERROR(VLOOKUP($A91,'Hospitalisation Details'!$A:$Q,13,FALSE),"") -> tier - 3 | P91: =IFERROR(VLOOKUP($A91,'Hospitalisation Details'!$A:$Q,15,FALSE),"") -> R1011 | Q91: =IFERROR(VLOOKUP($A91,'Hospitalisation Details'!$A:$Q,8,FALSE),"") -> 54
A92: ='Customer Names'!A109 -> Id108 | B92: =IFERROR(VLOOKUP($A92,'Customer Names'!$A:$F,3,FALSE),"") -> Ganley | C92: =IFERROR(VLOOKUP($A92,'Medical Examinations'!$A:$O,2,FALSE),"") -> 32.775 | D92: =IFERROR(VLOOKUP($A92,'Medical Examinations'!$A:$O,3,FALSE),"") -> 5.53 | E92: =IFERROR(VLOOKUP($A92,'Medical Examinations'!$A:$O,4,FALSE),"") -> No | F92: =IFERROR(VLOOKUP($A92,'Medical Examinations'!$A:$O,6,FALSE),"") -> No | G92: =IFERROR(VLOOKUP($A92,'Medical Examinations'!$A:$O,7,FALSE),"") -> No | H92: =IFERROR(VLOOKUP($A92,'Medical Examinations'!$A:$O,8,FALSE),"") -> 0 | I92: =IFERROR(VLOOKUP($A92,'Medical Examinations'!$A:$O,10,FALSE),"") -> Yes | J92: =IFERROR(VLOOKUP($A92,'Medical Examinations'!$A:$O,14,FALSE),"") -> Obesity | K92: =IFERROR(VLOOKUP($A92,'Medical Examinations'!$A:$O,15,FALSE),"") -> Normal | L92: =IFERROR(VLOOKUP($A92,'Hospitalisation Details'!$A:$Q,7,FALSE),"") -> 25-Dec-1982 | M92: =IFERROR(VLOOKUP($A92,'Hospitalisation Details'!$A:$Q,10,FALSE),"") -> 40003.33 | N92: =IFERROR(VLOOKUP($A92,'Hospitalisation Details'!$A:$Q,11,FALSE),"") -> tier - 1 | O92: =IFERROR(VLOOKUP($A92,'Hospitalisation Details'!$A:$Q,13,FALSE),"") -> tier - 1 | P92: =IFERROR(VLOOKUP($A92,'Hospitalisation Details'!$A:$Q,15,FALSE),"") -> R1012 | Q92: =IFERROR(VLOOKUP($A92,'Hospitalisation Details'!$A:$Q,8,FALSE),"") -> 40
A93: ='Customer Names'!A1081 -> Id1080 | B93: =IFERROR(VLOOKUP($A93,'Customer Names'!$A:$F,3,FALSE),"") -> Crimmings | C93: =IFERROR(VLOOKUP($A93,'Medical Examinations'!$A:$O,2,FALSE),"") -> 32.775 | D93: =IFERROR(VLOOKUP($A93,'Medical Examinations'!$A:$O,3,FALSE),"") -> 7.95 | E93: =IFERROR(VLOOKUP($A93,'Medical Examinations'!$A:$O,4,FALSE),"") -> No | F93: =IFERROR(VLOOKUP($A93,'Medical Examinations'!$A:$O,6,FALSE),"") -> No | G93: =IFERROR(VLOOKUP($A93,'Medical Examinations'!$A:$O,7,FALSE),"") -> No | H93: =IFERROR(VLOOKUP($A93,'Medical Examinations'!$A:$O,8,FALSE),"") -> 0 | I93: =IFERROR(VLOOKUP($A93,'Medical Examinations'!$A:$O,10,FALSE),"") -> No | J93: =IFERROR(VLOOKUP($A93,'Medical Examinations'!$A:$O,14,FALSE),"") -> Obesity | K93: =IFERROR(VLOOKUP($A93,'Medical Examinations'!$A:$O,15,FALSE),"") -> Diabetes | L93: =IFERROR(VLOOKUP($A93,'Hospitalisation Details'!$A:$Q,7,FALSE),"") -> 23-Aug-1968 | M93: =IFERROR(VLOOKUP($A93,'Hospitalisation Details'!$A:$Q,10,FALSE),"") -> 10435.07 | N93: =IFERROR(VLOOKUP($A93,'Hospitalisation Details'!$A:$Q,11,FALSE),"") -> tier - 3 | O93: =IFERROR(VLOOKUP($A93,'Hospitalisation Details'!$A:$Q,13,FALSE),"") -> tier - 1 | P93: =IFERROR(VLOOKUP($A93,'Hospitalisation Details'!$A:$Q,15,FALSE),"") -> R1016 | Q93: =IFERROR(VLOOKUP($A93,'Hospitalisation Details'!$A:$Q,8,FALSE),"") -> 54
